FID	IID	PAT	MAT	SEX	PHENO	M1-A1	M1-A2	M2-A1	M2-A2	M3-A1	M3-A2	M4-A1	M4-A2	M5-A1	M5-A2	M6-A1	M6-A2
FAM_0_I	GRANDFATHER	0	0	1	-9	12.0	0.0	29.0	0.0	39.0	0.0	43.0	0.0	59.0	0.0	68.0	0.0
FAM_0_I	MOTHER	GRANDFATHER	0	2	-9	12.0	16.0	27.0	29.0	34.0	39.0	43.0	49.0	54.0	59.0	66.0	68.0
FAM_0_I	SON_1	0	MOTHER	1	-9	12.0	0.0	29.0	0.0	34.0	0.0	49.0	0.0	54.0	0.0	66.0	0.0
FAM_0_I	FATHER_1	0	0	1	-9	14.0	0.0	21.0	0.0	37.0	0.0	46.0	0.0	58.0	0.0	66.0	0.0
FAM_0_I	DAUGHTER_1	FATHER_1	MOTHER	2	-9	14.0	16.0	21.0	27.0	34.0	37.0	46.0	49.0	54.0	58.0	66.0	66.0
FAM_0_I	FATHER_2	0	0	1	-9	18.0	0.0	25.0	0.0	36.0	0.0	48.0	0.0	54.0	0.0	67.0	0.0
FAM_0_I	DAUGHTER_2	FATHER_2	MOTHER	2	-9	12.0	18.0	25.0	29.0	36.0	39.0	43.0	48.0	54.0	59.0	67.0	68.0
FAM_1_I	GRANDFATHER	0	0	1	-9	15.0	0.0	26.0	0.0	36.0	0.0	49.0	0.0	53.0	0.0	61.0	0.0
FAM_1_I	MOTHER	GRANDFATHER	0	2	-9	14.0	15.0	26.0	29.0	36.0	39.0	44.0	49.0	53.0	53.0	61.0	61.0
FAM_1_I	SON_1	0	MOTHER	1	-9	14.0	0.0	29.0	0.0	39.0	0.0	44.0	0.0	53.0	0.0	61.0	0.0
FAM_1_I	FATHER_1	0	0	1	-9	17.0	0.0	29.0	0.0	39.0	0.0	47.0	0.0	52.0	0.0	61.0	0.0
FAM_1_I	DAUGHTER_1	FATHER_1	MOTHER	2	-9	15.0	17.0	26.0	29.0	39.0	39.0	44.0	47.0	52.0	53.0	61.0	61.0
FAM_1_I	FATHER_2	0	0	1	-9	13.0	0.0	23.0	0.0	31.0	0.0	45.0	0.0	51.0	0.0	63.0	0.0
FAM_1_I	DAUGHTER_2	FATHER_2	MOTHER	2	-9	13.0	14.0	23.0	29.0	31.0	36.0	45.0	49.0	51.0	53.0	61.0	63.0
FAM_2_I	GRANDFATHER	0	0	1	-9	12.0	0.0	27.0	0.0	33.0	0.0	43.0	0.0	54.0	0.0	65.0	0.0
FAM_2_I	MOTHER	GRANDFATHER	0	2	-9	12.0	14.0	21.0	27.0	33.0	33.0	41.0	43.0	54.0	57.0	61.0	65.0
FAM_2_I	SON_1	0	MOTHER	1	-9	14.0	0.0	21.0	0.0	33.0	0.0	43.0	0.0	57.0	0.0	61.0	0.0
FAM_2_I	SON_2	0	MOTHER	1	-9	12.0	0.0	27.0	0.0	33.0	0.0	43.0	0.0	57.0	0.0	61.0	0.0
FAM_2_I	FATHER_1	0	0	1	-9	13.0	0.0	21.0	0.0	39.0	0.0	41.0	0.0	58.0	0.0	63.0	0.0
FAM_2_I	DAUGHTER_1	FATHER_1	MOTHER	2	-9	12.0	13.0	21.0	27.0	33.0	39.0	41.0	43.0	54.0	58.0	63.0	65.0
FAM_3_I	GRANDFATHER	0	0	1	-9	14.0	0.0	29.0	0.0	37.0	0.0	47.0	0.0	53.0	0.0	64.0	0.0
FAM_3_I	MOTHER	GRANDFATHER	0	2	-9	14.0	17.0	21.0	29.0	31.0	37.0	41.0	47.0	53.0	59.0	61.0	64.0
FAM_3_I	SON_1	0	MOTHER	1	-9	14.0	0.0	29.0	0.0	37.0	0.0	47.0	0.0	53.0	0.0	64.0	0.0
FAM_3_I	SON_2	0	MOTHER	1	-9	14.0	0.0	29.0	0.0	37.0	0.0	47.0	0.0	53.0	0.0	64.0	0.0
FAM_3_I	FATHER_1	0	0	1	-9	18.0	0.0	26.0	0.0	37.0	0.0	45.0	0.0	59.0	0.0	66.0	0.0
FAM_3_I	DAUGHTER_1	FATHER_1	MOTHER	2	-9	17.0	18.0	21.0	26.0	37.0	37.0	41.0	45.0	59.0	59.0	61.0	66.0
FAM_4_I	GRANDFATHER	0	0	1	-9	11.0	0.0	21.0	0.0	37.0	0.0	45.0	0.0	55.0	0.0	68.0	0.0
FAM_4_I	MOTHER	GRANDFATHER	0	2	-9	11.0	12.0	21.0	23.0	34.0	37.0	45.0	45.0	55.0	55.0	64.0	68.0
FAM_4_I	SON_1	0	MOTHER	1	-9	12.0	0.0	23.0	0.0	37.0	0.0	45.0	0.0	55.0	0.0	68.0	0.0
FAM_5_I	GRANDFATHER	0	0	1	-9	15.0	0.0	26.0	0.0	39.0	0.0	43.0	0.0	57.0	0.0	65.0	0.0
FAM_5_I	MOTHER	GRANDFATHER	0	2	-9	13.0	15.0	21.0	26.0	37.0	39.0	43.0	46.0	54.0	57.0	64.0	65.0
FAM_5_I	SON_1	0	MOTHER	1	-9	15.0	0.0	26.0	0.0	39.0	0.0	43.0	0.0	57.0	0.0	65.0	0.0
FAM_5_I	FATHER_1	0	0	1	-9	12.0	0.0	25.0	0.0	39.0	0.0	43.0	0.0	58.0	0.0	69.0	0.0
FAM_5_I	DAUGHTER_1	FATHER_1	MOTHER	2	-9	12.0	13.0	21.0	25.0	39.0	39.0	43.0	43.0	54.0	58.0	64.0	69.0
FAM_5_I	FATHER_2	0	0	1	-9	12.0	0.0	27.0	0.0	39.0	0.0	42.0	0.0	55.0	0.0	68.0	0.0
FAM_5_I	DAUGHTER_2	FATHER_2	MOTHER	2	-9	12.0	15.0	26.0	27.0	39.0	39.0	42.0	43.0	55.0	57.0	65.0	68.0
FAM_6_I	GRANDFATHER	0	0	1	-9	19.0	0.0	29.0	0.0	38.0	0.0	47.0	0.0	51.0	0.0	65.0	0.0
FAM_6_I	MOTHER	GRANDFATHER	0	2	-9	15.0	19.0	25.0	29.0	38.0	38.0	41.0	47.0	51.0	53.0	65.0	66.0
FAM_6_I	SON_1	0	MOTHER	1	-9	19.0	0.0	29.0	0.0	38.0	0.0	47.0	0.0	51.0	0.0	65.0	0.0
FAM_7_I	GRANDFATHER	0	0	1	-9	11.0	0.0	29.0	0.0	37.0	0.0	41.0	0.0	51.0	0.0	65.0	0.0
FAM_7_I	MOTHER	GRANDFATHER	0	2	-9	11.0	11.0	24.0	29.0	36.0	37.0	41.0	49.0	51.0	59.0	65.0	68.0
FAM_7_I	FATHER_1	0	0	1	-9	18.0	0.0	26.0	0.0	37.0	0.0	48.0	0.0	52.0	0.0	64.0	0.0
FAM_7_I	DAUGHTER_1	FATHER_1	MOTHER	2	-9	11.0	18.0	24.0	26.0	36.0	37.0	48.0	49.0	52.0	59.0	64.0	68.0
FAM_8_I	GRANDFATHER	0	0	1	-9	18.0	0.0	29.0	0.0	39.0	0.0	45.0	0.0	53.0	0.0	63.0	0.0
FAM_8_I	MOTHER	GRANDFATHER	0	2	-9	12.0	18.0	25.0	29.0	36.0	39.0	45.0	45.0	53.0	58.0	63.0	64.0
FAM_8_I	SON_1	0	MOTHER	1	-9	18.0	0.0	29.0	0.0	35.0	0.0	45.0	0.0	58.0	0.0	64.0	0.0
FAM_8_I	FATHER_1	0	0	1	-9	11.0	0.0	26.0	0.0	31.0	0.0	48.0	0.0	56.0	0.0	66.0	0.0
FAM_8_I	DAUGHTER_1	FATHER_1	MOTHER	2	-9	11.0	12.0	25.0	26.0	31.0	36.0	45.0	48.0	56.0	58.0	64.0	66.0
FAM_8_I	FATHER_2	0	0	1	-9	11.0	0.0	21.0	0.0	35.0	0.0	46.0	0.0	55.0	0.0	64.0	0.0
FAM_8_I	DAUGHTER_2	FATHER_2	MOTHER	2	-9	11.0	18.0	21.0	29.0	35.0	36.0	45.0	46.0	55.0	58.0	64.0	64.0
FAM_8_I	FATHER_3	0	0	1	-9	19.0	0.0	28.0	0.0	39.0	0.0	42.0	0.0	59.0	0.0	66.0	0.0
FAM_8_I	DAUGHTER_3	FATHER_3	MOTHER	2	-9	12.0	19.0	25.0	28.0	39.0	39.0	42.0	45.0	53.0	59.0	63.0	66.0
FAM_8_I	FATHER_4	0	0	1	-9	14.0	0.0	28.0	0.0	32.0	0.0	47.0	0.0	59.0	0.0	66.0	0.0
FAM_8_I	DAUGHTER_4	FATHER_4	MOTHER	2	-9	14.0	18.0	25.0	28.0	32.0	36.0	45.0	47.0	58.0	59.0	64.0	66.0
FAM_9_I	GRANDFATHER	0	0	1	-9	15.0	0.0	25.0	0.0	38.0	0.0	41.0	0.0	59.0	0.0	63.0	0.0
FAM_9_I	MOTHER	GRANDFATHER	0	2	-9	12.0	15.0	25.0	26.0	33.0	38.0	41.0	41.0	56.0	59.0	63.0	63.0
FAM_9_I	FATHER_1	0	0	1	-9	11.0	0.0	27.0	0.0	37.0	0.0	41.0	0.0	53.0	0.0	69.0	0.0
FAM_9_I	DAUGHTER_1	FATHER_1	MOTHER	2	-9	11.0	15.0	25.0	27.0	33.0	37.0	41.0	41.0	53.0	56.0	63.0	69.0
FAM_9_I	FATHER_2	0	0	1	-9	17.0	0.0	29.0	0.0	33.0	0.0	47.0	0.0	53.0	0.0	67.0	0.0
FAM_9_I	DAUGHTER_2	FATHER_2	MOTHER	2	-9	12.0	17.0	26.0	29.0	33.0	33.0	41.0	47.0	53.0	59.0	63.0	67.0
FAM_10_I	GRANDFATHER	0	0	1	-9	14.0	0.0	29.0	0.0	37.0	0.0	41.0	0.0	57.0	0.0	63.0	0.0
FAM_10_I	MOTHER	GRANDFATHER	0	2	-9	14.0	16.0	27.0	29.0	33.0	37.0	41.0	47.0	55.0	57.0	63.0	69.0
FAM_10_I	SON_1	0	MOTHER	1	-9	14.0	0.0	29.0	0.0	37.0	0.0	41.0	0.0	57.0	0.0	63.0	0.0
FAM_10_I	SON_2	0	MOTHER	1	-9	14.0	0.0	29.0	0.0	37.0	0.0	41.0	0.0	57.0	0.0	63.0	0.0
FAM_10_I	SON_3	0	MOTHER	1	-9	14.0	0.0	29.0	0.0	33.0	0.0	47.0	0.0	55.0	0.0	69.0	0.0
FAM_11_I	GRANDFATHER	0	0	1	-9	16.0	0.0	27.0	0.0	35.0	0.0	45.0	0.0	55.0	0.0	61.0	0.0
FAM_11_I	MOTHER	GRANDFATHER	0	2	-9	12.0	16.0	22.0	27.0	35.0	37.0	45.0	45.0	55.0	57.0	61.0	68.0
FAM_11_I	FATHER_1	0	0	1	-9	19.0	0.0	29.0	0.0	35.0	0.0	49.0	0.0	55.0	0.0	62.0	0.0
FAM_11_I	DAUGHTER_1	FATHER_1	MOTHER	2	-9	16.0	19.0	27.0	29.0	35.0	35.0	45.0	49.0	55.0	55.0	61.0	62.0
FAM_11_I	FATHER_2	0	0	1	-9	11.0	0.0	23.0	0.0	33.0	0.0	44.0	0.0	52.0	0.0	65.0	0.0
FAM_11_I	DAUGHTER_2	FATHER_2	MOTHER	2	-9	11.0	12.0	22.0	23.0	33.0	37.0	44.0	45.0	52.0	57.0	65.0	68.0
FAM_12_I	GRANDFATHER	0	0	1	-9	12.0	0.0	25.0	0.0	35.0	0.0	45.0	0.0	52.0	0.0	63.0	0.0
FAM_12_I	MOTHER	GRANDFATHER	0	2	-9	12.0	13.0	25.0	26.0	35.0	36.0	45.0	49.0	52.0	59.0	63.0	63.0
FAM_12_I	FATHER_1	0	0	1	-9	11.0	0.0	26.0	0.0	34.0	0.0	41.0	0.0	53.0	0.0	65.0	0.0
FAM_12_I	DAUGHTER_1	FATHER_1	MOTHER	2	-9	11.0	13.0	26.0	26.0	34.0	36.0	41.0	49.0	53.0	59.0	63.0	65.0
FAM_12_I	FATHER_2	0	0	1	-9	11.0	0.0	25.0	0.0	34.0	0.0	44.0	0.0	53.0	0.0	63.0	0.0
FAM_12_I	DAUGHTER_2	FATHER_2	MOTHER	2	-9	11.0	12.0	25.0	25.0	34.0	35.0	44.0	45.0	52.0	53.0	63.0	63.0
FAM_12_I	FATHER_3	0	0	1	-9	18.0	0.0	27.0	0.0	32.0	0.0	44.0	0.0	51.0	0.0	69.0	0.0
FAM_12_I	DAUGHTER_3	FATHER_3	MOTHER	2	-9	13.0	18.0	26.0	27.0	32.0	36.0	44.0	49.0	51.0	59.0	63.0	69.0
FAM_13_I	GRANDFATHER	0	0	1	-9	12.0	0.0	29.0	0.0	39.0	0.0	49.0	0.0	59.0	0.0	68.0	0.0
FAM_13_I	MOTHER	GRANDFATHER	0	2	-9	12.0	19.0	26.0	29.0	34.0	39.0	43.0	49.0	53.0	59.0	68.0	69.0
FAM_13_I	SON_1	0	MOTHER	1	-9	19.0	0.0	26.0	0.0	34.0	0.0	43.0	0.0	53.0	0.0	69.0	0.0
FAM_13_I	SON_2	0	MOTHER	1	-9	19.0	0.0	26.0	0.0	34.0	0.0	43.0	0.0	59.0	0.0	68.0	0.0
FAM_13_I	SON_3	0	MOTHER	1	-9	12.0	0.0	26.0	0.0	39.0	0.0	49.0	0.0	53.0	0.0	69.0	0.0
FAM_13_I	SON_4	0	MOTHER	1	-9	19.0	0.0	26.0	0.0	39.0	0.0	49.0	0.0	59.0	0.0	69.0	0.0
FAM_13_I	FATHER_1	0	0	1	-9	14.0	0.0	22.0	0.0	35.0	0.0	44.0	0.0	56.0	0.0	65.0	0.0
FAM_13_I	DAUGHTER_1	FATHER_1	MOTHER	2	-9	12.0	14.0	22.0	29.0	35.0	39.0	44.0	49.0	56.0	59.0	65.0	68.0
FAM_14_I	GRANDFATHER	0	0	1	-9	16.0	0.0	26.0	0.0	33.0	0.0	46.0	0.0	56.0	0.0	66.0	0.0
FAM_14_I	MOTHER	GRANDFATHER	0	2	-9	14.0	16.0	25.0	26.0	32.0	33.0	44.0	46.0	56.0	57.0	66.0	68.0
FAM_14_I	SON_1	0	MOTHER	1	-9	14.0	0.0	25.0	0.0	32.0	0.0	44.0	0.0	57.0	0.0	68.0	0.0
FAM_15_I	GRANDFATHER	0	0	1	-9	15.0	0.0	23.0	0.0	39.0	0.0	46.0	0.0	59.0	0.0	64.0	0.0
FAM_15_I	MOTHER	GRANDFATHER	0	2	-9	15.0	16.0	23.0	29.0	33.0	39.0	46.0	49.0	53.0	59.0	64.0	69.0
FAM_15_I	FATHER_1	0	0	1	-9	15.0	0.0	28.0	0.0	39.0	0.0	46.0	0.0	51.0	0.0	69.0	0.0
FAM_15_I	DAUGHTER_1	FATHER_1	MOTHER	2	-9	15.0	15.0	23.0	28.0	33.0	39.0	46.0	49.0	51.0	53.0	69.0	69.0
FAM_16_I	GRANDFATHER	0	0	1	-9	16.0	0.0	25.0	0.0	31.0	0.0	46.0	0.0	58.0	0.0	69.0	0.0
FAM_16_I	MOTHER	GRANDFATHER	0	2	-9	14.0	16.0	23.0	25.0	31.0	34.0	44.0	46.0	54.0	58.0	65.0	69.0
FAM_16_I	SON_1	0	MOTHER	1	-9	16.0	0.0	25.0	0.0	34.0	0.0	44.0	0.0	54.0	0.0	65.0	0.0
FAM_16_I	FATHER_1	0	0	1	-9	11.0	0.0	21.0	0.0	39.0	0.0	41.0	0.0	57.0	0.0	64.0	0.0
FAM_16_I	DAUGHTER_1	FATHER_1	MOTHER	2	-9	11.0	14.0	21.0	23.0	34.0	39.0	41.0	44.0	54.0	57.0	64.0	65.0
FAM_16_I	FATHER_2	0	0	1	-9	14.0	0.0	25.0	0.0	39.0	0.0	44.0	0.0	55.0	0.0	61.0	0.0
FAM_16_I	DAUGHTER_2	FATHER_2	MOTHER	2	-9	14.0	16.0	25.0	25.0	31.0	39.0	44.0	46.0	55.0	58.0	61.0	69.0
FAM_16_I	FATHER_3	0	0	1	-9	16.0	0.0	27.0	0.0	36.0	0.0	49.0	0.0	55.0	0.0	66.0	0.0
FAM_16_I	DAUGHTER_3	FATHER_3	MOTHER	2	-9	16.0	16.0	25.0	27.0	31.0	36.0	46.0	49.0	55.0	58.0	66.0	69.0
FAM_17_I	GRANDFATHER	0	0	1	-9	14.0	0.0	24.0	0.0	31.0	0.0	44.0	0.0	56.0	0.0	68.0	0.0
FAM_17_I	MOTHER	GRANDFATHER	0	2	-9	14.0	18.0	24.0	24.0	31.0	34.0	44.0	48.0	54.0	56.0	63.0	68.0
FAM_17_I	SON_1	0	MOTHER	1	-9	14.0	0.0	24.0	0.0	31.0	0.0	44.0	0.0	56.0	0.0	68.0	0.0
FAM_17_I	SON_2	0	MOTHER	1	-9	18.0	0.0	24.0	0.0	34.0	0.0	48.0	0.0	56.0	0.0	68.0	0.0
FAM_17_I	FATHER_1	0	0	1	-9	13.0	0.0	26.0	0.0	31.0	0.0	42.0	0.0	53.0	0.0	64.0	0.0
FAM_17_I	DAUGHTER_1	FATHER_1	MOTHER	2	-9	13.0	18.0	24.0	26.0	31.0	34.0	42.0	48.0	53.0	54.0	63.0	64.0
FAM_18_I	GRANDFATHER	0	0	1	-9	17.0	0.0	25.0	0.0	38.0	0.0	49.0	0.0	57.0	0.0	65.0	0.0
FAM_18_I	MOTHER	GRANDFATHER	0	2	-9	15.0	17.0	23.0	25.0	35.0	38.0	47.0	49.0	57.0	59.0	64.0	65.0
FAM_18_I	SON_1	0	MOTHER	1	-9	15.0	0.0	23.0	0.0	35.0	0.0	47.0	0.0	59.0	0.0	64.0	0.0
FAM_18_I	FATHER_1	0	0	1	-9	17.0	0.0	26.0	0.0	31.0	0.0	46.0	0.0	53.0	0.0	62.0	0.0
FAM_18_I	DAUGHTER_1	FATHER_1	MOTHER	2	-9	17.0	17.0	23.0	26.0	31.0	35.0	46.0	47.0	53.0	59.0	62.0	64.0
FAM_18_I	FATHER_2	0	0	1	-9	15.0	0.0	26.0	0.0	34.0	0.0	46.0	0.0	53.0	0.0	63.0	0.0
FAM_18_I	DAUGHTER_2	FATHER_2	MOTHER	2	-9	15.0	17.0	25.0	26.0	34.0	38.0	46.0	49.0	53.0	57.0	63.0	65.0
FAM_19_I	GRANDFATHER	0	0	1	-9	16.0	0.0	26.0	0.0	36.0	0.0	43.0	0.0	54.0	0.0	67.0	0.0
FAM_19_I	MOTHER	GRANDFATHER	0	2	-9	16.0	16.0	26.0	26.0	35.0	36.0	43.0	45.0	54.0	57.0	61.0	67.0
FAM_19_I	FATHER_1	0	0	1	-9	13.0	0.0	21.0	0.0	39.0	0.0	41.0	0.0	58.0	0.0	64.0	0.0
FAM_19_I	DAUGHTER_1	FATHER_1	MOTHER	2	-9	13.0	16.0	21.0	26.0	36.0	39.0	41.0	43.0	57.0	58.0	61.0	64.0
FAM_20_I	GRANDFATHER	0	0	1	-9	13.0	0.0	29.0	0.0	39.0	0.0	49.0	0.0	56.0	0.0	69.0	0.0
FAM_20_I	MOTHER	GRANDFATHER	0	2	-9	13.0	19.0	29.0	29.0	37.0	39.0	42.0	49.0	55.0	56.0	66.0	69.0
FAM_20_I	SON_1	0	MOTHER	1	-9	13.0	0.0	29.0	0.0	37.0	0.0	42.0	0.0	55.0	0.0	66.0	0.0
FAM_20_I	FATHER_1	0	0	1	-9	13.0	0.0	25.0	0.0	34.0	0.0	42.0	0.0	59.0	0.0	63.0	0.0
FAM_20_I	DAUGHTER_1	FATHER_1	MOTHER	2	-9	13.0	13.0	25.0	29.0	34.0	37.0	42.0	42.0	56.0	59.0	63.0	69.0
FAM_20_I	FATHER_2	0	0	1	-9	15.0	0.0	23.0	0.0	37.0	0.0	49.0	0.0	55.0	0.0	64.0	0.0
FAM_20_I	DAUGHTER_2	FATHER_2	MOTHER	2	-9	15.0	19.0	23.0	29.0	37.0	37.0	42.0	49.0	55.0	55.0	64.0	66.0
FAM_20_I	FATHER_3	0	0	1	-9	15.0	0.0	27.0	0.0	35.0	0.0	49.0	0.0	52.0	0.0	66.0	0.0
FAM_20_I	DAUGHTER_3	FATHER_3	MOTHER	2	-9	13.0	15.0	27.0	29.0	35.0	39.0	49.0	49.0	52.0	55.0	66.0	66.0
FAM_20_I	FATHER_4	0	0	1	-9	16.0	0.0	26.0	0.0	34.0	0.0	44.0	0.0	56.0	0.0	61.0	0.0
FAM_20_I	DAUGHTER_4	FATHER_4	MOTHER	2	-9	13.0	16.0	26.0	29.0	34.0	39.0	44.0	49.0	56.0	56.0	61.0	66.0
FAM_20_I	FATHER_5	0	0	1	-9	12.0	0.0	24.0	0.0	36.0	0.0	45.0	0.0	55.0	0.0	63.0	0.0
FAM_20_I	DAUGHTER_5	FATHER_5	MOTHER	2	-9	12.0	13.0	24.0	29.0	36.0	39.0	45.0	49.0	55.0	56.0	63.0	69.0
FAM_20_I	FATHER_6	0	0	1	-9	12.0	0.0	25.0	0.0	38.0	0.0	48.0	0.0	52.0	0.0	68.0	0.0
FAM_20_I	DAUGHTER_6	FATHER_6	MOTHER	2	-9	12.0	13.0	25.0	29.0	38.0	39.0	48.0	49.0	52.0	56.0	68.0	69.0
FAM_21_I	GRANDFATHER	0	0	1	-9	19.0	0.0	23.0	0.0	32.0	0.0	48.0	0.0	55.0	0.0	65.0	0.0
FAM_21_I	MOTHER	GRANDFATHER	0	2	-9	15.0	19.0	23.0	25.0	32.0	38.0	42.0	48.0	52.0	55.0	65.0	65.0
FAM_21_I	FATHER_1	0	0	1	-9	19.0	0.0	26.0	0.0	32.0	0.0	43.0	0.0	56.0	0.0	64.0	0.0
FAM_21_I	DAUGHTER_1	FATHER_1	MOTHER	2	-9	19.0	19.0	23.0	26.0	32.0	33.0	43.0	48.0	55.0	56.0	64.0	65.0
FAM_21_I	FATHER_2	0	0	1	-9	11.0	0.0	29.0	0.0	34.0	0.0	44.0	0.0	53.0	0.0	69.0	0.0
FAM_21_I	DAUGHTER_2	FATHER_2	MOTHER	2	-9	11.0	19.0	23.0	29.0	32.0	34.0	44.0	48.0	53.0	55.0	65.0	69.0
FAM_21_I	FATHER_3	0	0	1	-9	15.0	0.0	27.0	0.0	35.0	0.0	49.0	0.0	52.0	0.0	64.0	0.0
FAM_21_I	DAUGHTER_3	FATHER_3	MOTHER	2	-9	15.0	19.0	23.0	27.0	32.0	35.0	48.0	49.0	52.0	52.0	64.0	65.0
FAM_22_I	GRANDFATHER	0	0	1	-9	16.0	0.0	22.0	0.0	35.0	0.0	42.0	0.0	56.0	0.0	68.0	0.0
FAM_22_I	MOTHER	GRANDFATHER	0	2	-9	16.0	16.0	22.0	27.0	31.0	35.0	41.0	42.0	52.0	56.0	61.0	68.0
FAM_22_I	SON_1	0	MOTHER	1	-9	16.0	0.0	22.0	0.0	35.0	0.0	42.0	0.0	52.0	0.0	61.0	0.0
FAM_22_I	SON_2	0	MOTHER	1	-9	16.0	0.0	27.0	0.0	31.0	0.0	41.0	0.0	52.0	0.0	61.0	0.0
FAM_22_I	SON_3	0	MOTHER	1	-9	16.0	0.0	27.0	0.0	31.0	0.0	41.0	0.0	52.0	0.0	61.0	0.0
FAM_22_I	SON_4	0	MOTHER	1	-9	16.0	0.0	27.0	0.0	31.0	0.0	41.0	0.0	52.0	0.0	61.0	0.0
FAM_23_I	GRANDFATHER	0	0	1	-9	16.0	0.0	25.0	0.0	33.0	0.0	47.0	0.0	55.0	0.0	69.0	0.0
FAM_23_I	MOTHER	GRANDFATHER	0	2	-9	16.0	17.0	25.0	28.0	31.0	33.0	47.0	49.0	55.0	57.0	63.0	69.0
FAM_23_I	SON_1	0	MOTHER	1	-9	16.0	0.0	25.0	0.0	33.0	0.0	47.0	0.0	55.0	0.0	69.0	0.0
FAM_23_I	FATHER_1	0	0	1	-9	15.0	0.0	26.0	0.0	33.0	0.0	42.0	0.0	53.0	0.0	68.0	0.0
FAM_23_I	DAUGHTER_1	FATHER_1	MOTHER	2	-9	15.0	16.0	25.0	26.0	33.0	33.0	42.0	47.0	53.0	55.0	68.0	69.0
FAM_23_I	FATHER_2	0	0	1	-9	14.0	0.0	21.0	0.0	33.0	0.0	41.0	0.0	53.0	0.0	61.0	0.0
FAM_23_I	DAUGHTER_2	FATHER_2	MOTHER	2	-9	14.0	17.0	21.0	28.0	33.0	33.0	41.0	47.0	53.0	55.0	61.0	69.0
FAM_23_I	FATHER_3	0	0	1	-9	14.0	0.0	23.0	0.0	34.0	0.0	47.0	0.0	57.0	0.0	65.0	0.0
FAM_23_I	DAUGHTER_3	FATHER_3	MOTHER	2	-9	14.0	16.0	23.0	25.0	33.0	34.0	47.0	47.0	55.0	57.0	65.0	69.0
FAM_23_I	FATHER_4	0	0	1	-9	15.0	0.0	29.0	0.0	34.0	0.0	46.0	0.0	52.0	0.0	65.0	0.0
FAM_23_I	DAUGHTER_4	FATHER_4	MOTHER	2	-9	15.0	17.0	28.0	29.0	31.0	34.0	46.0	49.0	52.0	57.0	63.0	65.0
FAM_24_I	GRANDFATHER	0	0	1	-9	17.0	0.0	24.0	0.0	37.0	0.0	43.0	0.0	55.0	0.0	63.0	0.0
FAM_24_I	MOTHER	GRANDFATHER	0	2	-9	17.0	17.0	24.0	24.0	33.0	37.0	41.0	43.0	55.0	56.0	63.0	63.0
FAM_24_I	SON_1	0	MOTHER	1	-9	17.0	0.0	24.0	0.0	33.0	0.0	41.0	0.0	56.0	0.0	63.0	0.0
FAM_25_I	GRANDFATHER	0	0	1	-9	17.0	0.0	22.0	0.0	32.0	0.0	49.0	0.0	55.0	0.0	62.0	0.0
FAM_25_I	MOTHER	GRANDFATHER	0	2	-9	15.0	17.0	22.0	24.0	32.0	35.0	41.0	49.0	55.0	58.0	62.0	65.0
FAM_25_I	SON_1	0	MOTHER	1	-9	17.0	0.0	22.0	0.0	35.0	0.0	41.0	0.0	58.0	0.0	65.0	0.0
FAM_26_I	GRANDFATHER	0	0	1	-9	18.0	0.0	29.0	0.0	36.0	0.0	44.0	0.0	55.0	0.0	67.0	0.0
FAM_26_I	MOTHER	GRANDFATHER	0	2	-9	15.0	18.0	29.0	29.0	32.0	36.0	42.0	44.0	52.0	55.0	63.0	67.0
FAM_26_I	SON_1	0	MOTHER	1	-9	15.0	0.0	29.0	0.0	32.0	0.0	42.0	0.0	52.0	0.0	63.0	0.0
FAM_27_I	GRANDFATHER	0	0	1	-9	19.0	0.0	28.0	0.0	38.0	0.0	41.0	0.0	54.0	0.0	61.0	0.0
FAM_27_I	MOTHER	GRANDFATHER	0	2	-9	15.0	19.0	23.0	28.0	32.0	38.0	41.0	44.0	51.0	54.0	61.0	64.0
FAM_27_I	FATHER_1	0	0	1	-9	15.0	0.0	23.0	0.0	33.0	0.0	44.0	0.0	57.0	0.0	68.0	0.0
FAM_27_I	DAUGHTER_1	FATHER_1	MOTHER	2	-9	15.0	15.0	23.0	23.0	33.0	38.0	41.0	44.0	54.0	57.0	61.0	68.0
FAM_28_I	GRANDFATHER	0	0	1	-9	12.0	0.0	25.0	0.0	38.0	0.0	45.0	0.0	54.0	0.0	65.0	0.0
FAM_28_I	MOTHER	GRANDFATHER	0	2	-9	12.0	16.0	25.0	29.0	38.0	39.0	45.0	45.0	54.0	57.0	65.0	66.0
FAM_28_I	SON_1	0	MOTHER	1	-9	12.0	0.0	25.0	0.0	38.0	0.0	45.0	0.0	54.0	0.0	65.0	0.0
FAM_28_I	SON_2	0	MOTHER	1	-9	12.0	0.0	25.0	0.0	39.0	0.0	45.0	0.0	54.0	0.0	65.0	0.0
FAM_28_I	SON_3	0	MOTHER	1	-9	16.0	0.0	29.0	0.0	39.0	0.0	45.0	0.0	57.0	0.0	66.0	0.0
FAM_28_I	FATHER_1	0	0	1	-9	16.0	0.0	22.0	0.0	37.0	0.0	49.0	0.0	55.0	0.0	66.0	0.0
FAM_28_I	DAUGHTER_1	FATHER_1	MOTHER	2	-9	12.0	16.0	22.0	25.0	37.0	38.0	45.0	49.0	54.0	55.0	65.0	66.0
FAM_29_I	GRANDFATHER	0	0	1	-9	11.0	0.0	21.0	0.0	39.0	0.0	44.0	0.0	59.0	0.0	64.0	0.0
FAM_29_I	MOTHER	GRANDFATHER	0	2	-9	11.0	15.0	21.0	21.0	34.0	39.0	44.0	46.0	59.0	59.0	63.0	64.0
FAM_29_I	FATHER_1	0	0	1	-9	16.0	0.0	24.0	0.0	34.0	0.0	43.0	0.0	51.0	0.0	63.0	0.0
FAM_29_I	DAUGHTER_1	FATHER_1	MOTHER	2	-9	15.0	16.0	21.0	24.0	34.0	34.0	43.0	46.0	51.0	59.0	63.0	63.0
FAM_29_I	FATHER_2	0	0	1	-9	17.0	0.0	23.0	0.0	33.0	0.0	44.0	0.0	52.0	0.0	65.0	0.0
FAM_29_I	DAUGHTER_2	FATHER_2	MOTHER	2	-9	15.0	17.0	21.0	23.0	33.0	39.0	44.0	44.0	52.0	59.0	64.0	65.0
FAM_30_I	GRANDFATHER	0	0	1	-9	14.0	0.0	27.0	0.0	35.0	0.0	46.0	0.0	53.0	0.0	64.0	0.0
FAM_30_I	MOTHER	GRANDFATHER	0	2	-9	14.0	19.0	22.0	27.0	33.0	35.0	44.0	46.0	53.0	58.0	61.0	64.0
FAM_30_I	FATHER_1	0	0	1	-9	15.0	0.0	27.0	0.0	32.0	0.0	48.0	0.0	54.0	0.0	63.0	0.0
FAM_30_I	DAUGHTER_1	FATHER_1	MOTHER	2	-9	15.0	19.0	22.0	27.0	32.0	33.0	44.0	48.0	54.0	58.0	61.0	63.0
FAM_30_I	FATHER_2	0	0	1	-9	12.0	0.0	28.0	0.0	36.0	0.0	46.0	0.0	53.0	0.0	62.0	0.0
FAM_30_I	DAUGHTER_2	FATHER_2	MOTHER	2	-9	12.0	19.0	22.0	28.0	33.0	36.0	44.0	46.0	53.0	58.0	61.0	62.0
FAM_31_I	GRANDFATHER	0	0	1	-9	17.0	0.0	29.0	0.0	33.0	0.0	49.0	0.0	57.0	0.0	64.0	0.0
FAM_31_I	MOTHER	GRANDFATHER	0	2	-9	14.0	17.0	25.0	29.0	33.0	39.0	44.0	49.0	56.0	57.0	64.0	65.0
FAM_31_I	SON_1	0	MOTHER	1	-9	17.0	0.0	29.0	0.0	33.0	0.0	49.0	0.0	57.0	0.0	64.0	0.0
FAM_32_I	GRANDFATHER	0	0	1	-9	19.0	0.0	25.0	0.0	37.0	0.0	44.0	0.0	57.0	0.0	64.0	0.0
FAM_32_I	MOTHER	GRANDFATHER	0	2	-9	13.0	19.0	25.0	29.0	37.0	38.0	44.0	45.0	54.0	57.0	64.0	64.0
FAM_32_I	SON_1	0	MOTHER	1	-9	19.0	0.0	25.0	0.0	37.0	0.0	44.0	0.0	57.0	0.0	64.0	0.0
FAM_32_I	FATHER_1	0	0	1	-9	19.0	0.0	24.0	0.0	36.0	0.0	46.0	0.0	51.0	0.0	67.0	0.0
FAM_32_I	DAUGHTER_1	FATHER_1	MOTHER	2	-9	13.0	19.0	24.0	29.0	36.0	38.0	45.0	46.0	51.0	54.0	64.0	67.0
FAM_33_I	GRANDFATHER	0	0	1	-9	18.0	0.0	21.0	0.0	39.0	0.0	45.0	0.0	51.0	0.0	61.0	0.0
FAM_33_I	MOTHER	GRANDFATHER	0	2	-9	18.0	18.0	21.0	23.0	34.0	39.0	42.0	45.0	51.0	54.0	61.0	69.0
FAM_33_I	SON_1	0	MOTHER	1	-9	18.0	0.0	21.0	0.0	34.0	0.0	42.0	0.0	51.0	0.0	61.0	0.0
FAM_33_I	SON_2	0	MOTHER	1	-9	18.0	0.0	23.0	0.0	39.0	0.0	45.0	0.0	51.0	0.0	61.0	0.0
FAM_34_I	GRANDFATHER	0	0	1	-9	15.0	0.0	24.0	0.0	35.0	0.0	42.0	0.0	57.0	0.0	65.0	0.0
FAM_34_I	MOTHER	GRANDFATHER	0	2	-9	15.0	17.0	24.0	26.0	35.0	35.0	42.0	47.0	57.0	59.0	64.0	65.0
FAM_34_I	SON_1	0	MOTHER	1	-9	17.0	0.0	26.0	0.0	35.0	0.0	42.0	0.0	57.0	0.0	65.0	0.0
FAM_34_I	FATHER_1	0	0	1	-9	17.0	0.0	29.0	0.0	34.0	0.0	46.0	0.0	56.0	0.0	64.0	0.0
FAM_34_I	DAUGHTER_1	FATHER_1	MOTHER	2	-9	15.0	17.0	24.0	29.0	34.0	35.0	42.0	46.0	56.0	57.0	64.0	65.0
FAM_34_I	FATHER_2	0	0	1	-9	14.0	0.0	26.0	0.0	35.0	0.0	45.0	0.0	59.0	0.0	69.0	0.0
FAM_34_I	DAUGHTER_2	FATHER_2	MOTHER	2	-9	14.0	15.0	24.0	26.0	35.0	35.0	42.0	45.0	59.0	59.0	64.0	69.0
FAM_35_I	GRANDFATHER	0	0	1	-9	11.0	0.0	25.0	0.0	31.0	0.0	42.0	0.0	51.0	0.0	64.0	0.0
FAM_35_I	MOTHER	GRANDFATHER	0	2	-9	11.0	14.0	23.0	25.0	31.0	37.0	42.0	42.0	51.0	57.0	64.0	69.0
FAM_35_I	SON_1	0	MOTHER	1	-9	14.0	0.0	23.0	0.0	37.0	0.0	42.0	0.0	51.0	0.0	64.0	0.0
FAM_35_I	FATHER_1	0	0	1	-9	11.0	0.0	25.0	0.0	34.0	0.0	46.0	0.0	58.0	0.0	69.0	0.0
FAM_35_I	DAUGHTER_1	FATHER_1	MOTHER	2	-9	11.0	11.0	25.0	25.0	31.0	34.0	42.0	46.0	51.0	58.0	64.0	69.0
FAM_35_I	FATHER_2	0	0	1	-9	12.0	0.0	27.0	0.0	39.0	0.0	47.0	0.0	57.0	0.0	64.0	0.0
FAM_35_I	DAUGHTER_2	FATHER_2	MOTHER	2	-9	11.0	12.0	25.0	27.0	31.0	39.0	42.0	47.0	51.0	57.0	64.0	64.0
FAM_36_I	GRANDFATHER	0	0	1	-9	14.0	0.0	25.0	0.0	37.0	0.0	49.0	0.0	57.0	0.0	65.0	0.0
FAM_36_I	MOTHER	GRANDFATHER	0	2	-9	11.0	14.0	21.0	25.0	36.0	37.0	42.0	49.0	53.0	57.0	62.0	65.0
FAM_36_I	SON_1	0	MOTHER	1	-9	14.0	0.0	25.0	0.0	37.0	0.0	49.0	0.0	57.0	0.0	65.0	0.0
FAM_37_I	GRANDFATHER	0	0	1	-9	15.0	0.0	27.0	0.0	31.0	0.0	45.0	0.0	51.0	0.0	61.0	0.0
FAM_37_I	MOTHER	GRANDFATHER	0	2	-9	15.0	16.0	27.0	28.0	31.0	36.0	45.0	45.0	51.0	51.0	61.0	68.0
FAM_37_I	FATHER_1	0	0	1	-9	19.0	0.0	22.0	0.0	34.0	0.0	43.0	0.0	51.0	0.0	66.0	0.0
FAM_37_I	DAUGHTER_1	FATHER_1	MOTHER	2	-9	16.0	19.0	22.0	28.0	34.0	36.0	43.0	45.0	51.0	51.0	66.0	68.0
FAM_37_I	FATHER_2	0	0	1	-9	17.0	0.0	29.0	0.0	32.0	0.0	49.0	0.0	59.0	0.0	66.0	0.0
FAM_37_I	DAUGHTER_2	FATHER_2	MOTHER	2	-9	15.0	17.0	27.0	29.0	32.0	36.0	45.0	49.0	51.0	59.0	66.0	68.0
FAM_38_I	GRANDFATHER	0	0	1	-9	14.0	0.0	29.0	0.0	34.0	0.0	45.0	0.0	57.0	0.0	64.0	0.0
FAM_38_I	MOTHER	GRANDFATHER	0	2	-9	14.0	17.0	27.0	29.0	34.0	34.0	41.0	45.0	54.0	57.0	64.0	67.0
FAM_38_I	SON_1	0	MOTHER	1	-9	17.0	0.0	27.0	0.0	34.0	0.0	41.0	0.0	54.0	0.0	67.0	0.0
FAM_38_I	FATHER_1	0	0	1	-9	17.0	0.0	26.0	0.0	33.0	0.0	41.0	0.0	54.0	0.0	66.0	0.0
FAM_38_I	DAUGHTER_1	FATHER_1	MOTHER	2	-9	17.0	17.0	26.0	27.0	33.0	34.0	41.0	45.0	54.0	57.0	64.0	66.0
FAM_38_I	FATHER_2	0	0	1	-9	12.0	0.0	27.0	0.0	32.0	0.0	46.0	0.0	59.0	0.0	67.0	0.0
FAM_38_I	DAUGHTER_2	FATHER_2	MOTHER	2	-9	12.0	17.0	27.0	27.0	32.0	34.0	41.0	46.0	54.0	59.0	67.0	67.0
FAM_39_I	GRANDFATHER	0	0	1	-9	13.0	0.0	27.0	0.0	39.0	0.0	46.0	0.0	54.0	0.0	62.0	0.0
FAM_39_I	MOTHER	GRANDFATHER	0	2	-9	13.0	13.0	27.0	28.0	32.0	39.0	43.0	46.0	53.0	54.0	62.0	67.0
FAM_39_I	SON_1	0	MOTHER	1	-9	13.0	0.0	28.0	0.0	32.0	0.0	43.0	0.0	53.0	0.0	67.0	0.0
FAM_39_I	FATHER_1	0	0	1	-9	13.0	0.0	23.0	0.0	37.0	0.0	49.0	0.0	59.0	0.0	68.0	0.0
FAM_39_I	DAUGHTER_1	FATHER_1	MOTHER	2	-9	13.0	13.0	23.0	27.0	32.0	37.0	43.0	49.0	53.0	59.0	67.0	68.0
FAM_39_I	FATHER_2	0	0	1	-9	16.0	0.0	22.0	0.0	33.0	0.0	41.0	0.0	52.0	0.0	64.0	0.0
FAM_39_I	DAUGHTER_2	FATHER_2	MOTHER	2	-9	13.0	16.0	22.0	27.0	33.0	39.0	41.0	46.0	52.0	53.0	64.0	67.0
FAM_40_I	GRANDFATHER	0	0	1	-9	15.0	0.0	27.0	0.0	35.0	0.0	44.0	0.0	53.0	0.0	64.0	0.0
FAM_40_I	MOTHER	GRANDFATHER	0	2	-9	14.0	15.0	26.0	27.0	35.0	38.0	44.0	49.0	53.0	53.0	64.0	66.0
FAM_40_I	FATHER_1	0	0	1	-9	12.0	0.0	29.0	0.0	39.0	0.0	47.0	0.0	53.0	0.0	62.0	0.0
FAM_40_I	DAUGHTER_1	FATHER_1	MOTHER	2	-9	12.0	14.0	26.0	29.0	35.0	39.0	44.0	47.0	53.0	53.0	62.0	64.0
FAM_41_I	GRANDFATHER	0	0	1	-9	11.0	0.0	24.0	0.0	36.0	0.0	49.0	0.0	51.0	0.0	69.0	0.0
FAM_41_I	MOTHER	GRANDFATHER	0	2	-9	11.0	14.0	24.0	29.0	36.0	39.0	41.0	49.0	51.0	52.0	61.0	69.0
FAM_41_I	SON_1	0	MOTHER	1	-9	11.0	0.0	24.0	0.0	36.0	0.0	49.0	0.0	51.0	0.0	69.0	0.0
FAM_42_I	GRANDFATHER	0	0	1	-9	14.0	0.0	25.0	0.0	32.0	0.0	41.0	0.0	55.0	0.0	64.0	0.0
FAM_42_I	MOTHER	GRANDFATHER	0	2	-9	13.0	14.0	23.0	25.0	32.0	32.0	41.0	44.0	52.0	55.0	64.0	69.0
FAM_42_I	FATHER_1	0	0	1	-9	11.0	0.0	27.0	0.0	35.0	0.0	41.0	0.0	59.0	0.0	68.0	0.0
FAM_42_I	DAUGHTER_1	FATHER_1	MOTHER	2	-9	11.0	14.0	25.0	27.0	32.0	35.0	41.0	41.0	52.0	59.0	68.0	69.0
FAM_42_I	FATHER_2	0	0	1	-9	15.0	0.0	21.0	0.0	31.0	0.0	44.0	0.0	51.0	0.0	66.0	0.0
FAM_42_I	DAUGHTER_2	FATHER_2	MOTHER	2	-9	14.0	15.0	21.0	25.0	31.0	32.0	41.0	44.0	51.0	52.0	66.0	69.0
FAM_43_I	GRANDFATHER	0	0	1	-9	16.0	0.0	24.0	0.0	34.0	0.0	45.0	0.0	59.0	0.0	65.0	0.0
FAM_43_I	MOTHER	GRANDFATHER	0	2	-9	12.0	16.0	24.0	26.0	34.0	36.0	44.0	45.0	53.0	59.0	61.0	65.0
FAM_43_I	SON_1	0	MOTHER	1	-9	12.0	0.0	26.0	0.0	34.0	0.0	45.0	0.0	59.0	0.0	65.0	0.0
FAM_43_I	FATHER_1	0	0	1	-9	13.0	0.0	29.0	0.0	38.0	0.0	47.0	0.0	56.0	0.0	69.0	0.0
FAM_43_I	DAUGHTER_1	FATHER_1	MOTHER	2	-9	12.0	13.0	26.0	29.0	36.0	38.0	44.0	47.0	53.0	56.0	61.0	69.0
FAM_43_I	FATHER_2	0	0	1	-9	18.0	0.0	21.0	0.0	32.0	0.0	41.0	0.0	59.0	0.0	66.0	0.0
FAM_43_I	DAUGHTER_2	FATHER_2	MOTHER	2	-9	16.0	18.0	21.0	24.0	32.0	34.0	41.0	45.0	59.0	59.0	65.0	66.0
FAM_44_I	GRANDFATHER	0	0	1	-9	17.0	0.0	27.0	0.0	37.0	0.0	43.0	0.0	56.0	0.0	68.0	0.0
FAM_44_I	MOTHER	GRANDFATHER	0	2	-9	17.0	19.0	26.0	27.0	37.0	38.0	43.0	46.0	55.0	56.0	65.0	68.0
FAM_44_I	SON_1	0	MOTHER	1	-9	19.0	0.0	26.0	0.0	37.0	0.0	43.0	0.0	56.0	0.0	68.0	0.0
FAM_44_I	SON_2	0	MOTHER	1	-9	19.0	0.0	26.0	0.0	37.0	0.0	43.0	0.0	56.0	0.0	68.0	0.0
FAM_44_I	SON_3	0	MOTHER	1	-9	17.0	0.0	27.0	0.0	37.0	0.0	43.0	0.0	56.0	0.0	68.0	0.0
FAM_44_I	FATHER_1	0	0	1	-9	17.0	0.0	29.0	0.0	35.0	0.0	49.0	0.0	59.0	0.0	65.0	0.0
FAM_44_I	DAUGHTER_1	FATHER_1	MOTHER	2	-9	17.0	19.0	26.0	29.0	35.0	38.0	46.0	49.0	55.0	59.0	65.0	65.0
FAM_45_I	GRANDFATHER	0	0	1	-9	11.0	0.0	27.0	0.0	31.0	0.0	47.0	0.0	54.0	0.0	69.0	0.0
FAM_45_I	MOTHER	GRANDFATHER	0	2	-9	11.0	12.0	23.0	27.0	31.0	34.0	41.0	47.0	54.0	57.0	66.0	69.0
FAM_45_I	SON_1	0	MOTHER	1	-9	11.0	0.0	27.0	0.0	34.0	0.0	41.0	0.0	57.0	0.0	66.0	0.0
FAM_45_I	SON_2	0	MOTHER	1	-9	12.0	0.0	23.0	0.0	34.0	0.0	41.0	0.0	57.0	0.0	66.0	0.0
FAM_46_I	GRANDFATHER	0	0	1	-9	12.0	0.0	26.0	0.0	31.0	0.0	49.0	0.0	54.0	0.0	67.0	0.0
FAM_46_I	MOTHER	GRANDFATHER	0	2	-9	12.0	16.0	26.0	27.0	31.0	32.0	47.0	49.0	53.0	54.0	67.0	67.0
FAM_46_I	SON_1	0	MOTHER	1	-9	12.0	0.0	26.0	0.0	32.0	0.0	47.0	0.0	53.0	0.0	67.0	0.0
FAM_47_I	GRANDFATHER	0	0	1	-9	13.0	0.0	27.0	0.0	38.0	0.0	48.0	0.0	55.0	0.0	69.0	0.0
FAM_47_I	MOTHER	GRANDFATHER	0	2	-9	13.0	19.0	23.0	27.0	33.0	38.0	48.0	49.0	55.0	56.0	65.0	69.0
FAM_47_I	SON_1	0	MOTHER	1	-9	19.0	0.0	23.0	0.0	33.0	0.0	49.0	0.0	56.0	0.0	65.0	0.0
FAM_47_I	FATHER_1	0	0	1	-9	13.0	0.0	29.0	0.0	37.0	0.0	44.0	0.0	52.0	0.0	64.0	0.0
FAM_47_I	DAUGHTER_1	FATHER_1	MOTHER	2	-9	13.0	19.0	23.0	29.0	33.0	37.0	44.0	49.0	52.0	55.0	64.0	69.0
FAM_48_I	GRANDFATHER	0	0	1	-9	11.0	0.0	25.0	0.0	31.0	0.0	49.0	0.0	56.0	0.0	67.0	0.0
FAM_48_I	MOTHER	GRANDFATHER	0	2	-9	11.0	16.0	22.0	25.0	31.0	35.0	49.0	49.0	55.0	56.0	62.0	67.0
FAM_48_I	SON_1	0	MOTHER	1	-9	16.0	0.0	22.0	0.0	35.0	0.0	49.0	0.0	55.0	0.0	62.0	0.0
FAM_48_I	FATHER_1	0	0	1	-9	19.0	0.0	25.0	0.0	37.0	0.0	48.0	0.0	56.0	0.0	66.0	0.0
FAM_48_I	DAUGHTER_1	FATHER_1	MOTHER	2	-9	16.0	19.0	22.0	25.0	31.0	37.0	48.0	49.0	56.0	56.0	66.0	67.0
FAM_48_I	FATHER_2	0	0	1	-9	18.0	0.0	29.0	0.0	38.0	0.0	41.0	0.0	53.0	0.0	65.0	0.0
FAM_48_I	DAUGHTER_2	FATHER_2	MOTHER	2	-9	16.0	18.0	22.0	29.0	31.0	38.0	41.0	49.0	53.0	56.0	65.0	67.0
FAM_49_I	GRANDFATHER	0	0	1	-9	19.0	0.0	22.0	0.0	38.0	0.0	46.0	0.0	56.0	0.0	66.0	0.0
FAM_49_I	MOTHER	GRANDFATHER	0	2	-9	14.0	19.0	22.0	27.0	31.0	38.0	43.0	46.0	56.0	57.0	66.0	67.0
FAM_49_I	FATHER_1	0	0	1	-9	13.0	0.0	21.0	0.0	36.0	0.0	49.0	0.0	56.0	0.0	68.0	0.0
FAM_49_I	DAUGHTER_1	FATHER_1	MOTHER	2	-9	13.0	19.0	21.0	22.0	36.0	38.0	46.0	49.0	56.0	56.0	66.0	68.0
FAM_49_I	FATHER_2	0	0	1	-9	19.0	0.0	23.0	0.0	31.0	0.0	49.0	0.0	51.0	0.0	69.0	0.0
FAM_49_I	DAUGHTER_2	FATHER_2	MOTHER	2	-9	19.0	19.0	22.0	23.0	31.0	31.0	43.0	49.0	51.0	57.0	67.0	69.0
FAM_50_I	GRANDFATHER	0	0	1	-9	14.0	0.0	25.0	0.0	31.0	0.0	47.0	0.0	55.0	0.0	67.0	0.0
FAM_50_I	MOTHER	GRANDFATHER	0	2	-9	14.0	14.0	25.0	29.0	31.0	34.0	45.0	47.0	55.0	57.0	64.0	67.0
FAM_50_I	FATHER_1	0	0	1	-9	15.0	0.0	24.0	0.0	35.0	0.0	45.0	0.0	54.0	0.0	66.0	0.0
FAM_50_I	DAUGHTER_1	FATHER_1	MOTHER	2	-9	14.0	15.0	24.0	29.0	34.0	35.0	45.0	45.0	54.0	57.0	64.0	66.0
FAM_51_I	GRANDFATHER	0	0	1	-9	11.0	0.0	28.0	0.0	33.0	0.0	43.0	0.0	54.0	0.0	69.0	0.0
FAM_51_I	MOTHER	GRANDFATHER	0	2	-9	11.0	16.0	28.0	29.0	33.0	34.0	43.0	46.0	51.0	54.0	69.0	69.0
FAM_51_I	SON_1	0	MOTHER	1	-9	11.0	0.0	28.0	0.0	33.0	0.0	43.0	0.0	54.0	0.0	69.0	0.0
FAM_51_I	SON_2	0	MOTHER	1	-9	11.0	0.0	28.0	0.0	34.0	0.0	46.0	0.0	51.0	0.0	69.0	0.0
FAM_51_I	FATHER_1	0	0	1	-9	19.0	0.0	26.0	0.0	36.0	0.0	45.0	0.0	56.0	0.0	61.0	0.0
FAM_51_I	DAUGHTER_1	FATHER_1	MOTHER	2	-9	11.0	19.0	26.0	28.0	33.0	36.0	43.0	45.0	54.0	56.0	61.0	69.0
FAM_52_I	GRANDFATHER	0	0	1	-9	11.0	0.0	26.0	0.0	35.0	0.0	42.0	0.0	56.0	0.0	64.0	0.0
FAM_52_I	MOTHER	GRANDFATHER	0	2	-9	11.0	12.0	24.0	26.0	32.0	35.0	42.0	47.0	52.0	56.0	64.0	69.0
FAM_52_I	SON_1	0	MOTHER	1	-9	12.0	0.0	24.0	0.0	35.0	0.0	47.0	0.0	52.0	0.0	64.0	0.0
FAM_52_I	SON_2	0	MOTHER	1	-9	12.0	0.0	24.0	0.0	32.0	0.0	47.0	0.0	52.0	0.0	69.0	0.0
FAM_52_I	SON_3	0	MOTHER	1	-9	11.0	0.0	26.0	0.0	35.0	0.0	42.0	0.0	56.0	0.0	64.0	0.0
FAM_52_I	FATHER_1	0	0	1	-9	15.0	0.0	28.0	0.0	35.0	0.0	42.0	0.0	59.0	0.0	65.0	0.0
FAM_52_I	DAUGHTER_1	FATHER_1	MOTHER	2	-9	12.0	15.0	24.0	28.0	32.0	35.0	42.0	47.0	52.0	59.0	65.0	69.0
FAM_53_I	GRANDFATHER	0	0	1	-9	14.0	0.0	24.0	0.0	39.0	0.0	44.0	0.0	57.0	0.0	64.0	0.0
FAM_53_I	MOTHER	GRANDFATHER	0	2	-9	13.0	14.0	23.0	24.0	31.0	39.0	44.0	47.0	53.0	57.0	61.0	64.0
FAM_53_I	SON_1	0	MOTHER	1	-9	14.0	0.0	24.0	0.0	39.0	0.0	44.0	0.0	57.0	0.0	64.0	0.0
FAM_53_I	SON_2	0	MOTHER	1	-9	14.0	0.0	24.0	0.0	39.0	0.0	44.0	0.0	57.0	0.0	64.0	0.0
FAM_53_I	FATHER_1	0	0	1	-9	18.0	0.0	21.0	0.0	35.0	0.0	42.0	0.0	59.0	0.0	67.0	0.0
FAM_53_I	DAUGHTER_1	FATHER_1	MOTHER	2	-9	13.0	18.0	21.0	23.0	31.0	35.0	42.0	47.0	53.0	59.0	61.0	67.0
FAM_54_I	GRANDFATHER	0	0	1	-9	13.0	0.0	29.0	0.0	32.0	0.0	49.0	0.0	58.0	0.0	65.0	0.0
FAM_54_I	MOTHER	GRANDFATHER	0	2	-9	13.0	17.0	21.0	29.0	32.0	36.0	46.0	49.0	53.0	58.0	63.0	65.0
FAM_54_I	SON_1	0	MOTHER	1	-9	13.0	0.0	21.0	0.0	36.0	0.0	46.0	0.0	53.0	0.0	63.0	0.0
FAM_54_I	FATHER_1	0	0	1	-9	16.0	0.0	29.0	0.0	39.0	0.0	43.0	0.0	52.0	0.0	66.0	0.0
FAM_54_I	DAUGHTER_1	FATHER_1	MOTHER	2	-9	13.0	16.0	29.0	29.0	32.0	39.0	43.0	49.0	52.0	58.0	65.0	66.0
FAM_54_I	FATHER_2	0	0	1	-9	17.0	0.0	21.0	0.0	32.0	0.0	49.0	0.0	54.0	0.0	67.0	0.0
FAM_54_I	DAUGHTER_2	FATHER_2	MOTHER	2	-9	13.0	17.0	21.0	29.0	32.0	32.0	49.0	49.0	54.0	58.0	65.0	67.0
FAM_55_I	GRANDFATHER	0	0	1	-9	19.0	0.0	26.0	0.0	31.0	0.0	45.0	0.0	59.0	0.0	65.0	0.0
FAM_55_I	MOTHER	GRANDFATHER	0	2	-9	11.0	19.0	26.0	26.0	31.0	34.0	42.0	45.0	52.0	59.0	65.0	67.0
FAM_55_I	SON_1	0	MOTHER	1	-9	19.0	0.0	26.0	0.0	31.0	0.0	45.0	0.0	59.0	0.0	65.0	0.0
FAM_56_I	GRANDFATHER	0	0	1	-9	16.0	0.0	24.0	0.0	36.0	0.0	46.0	0.0	52.0	0.0	69.0	0.0
FAM_56_I	MOTHER	GRANDFATHER	0	2	-9	16.0	16.0	24.0	28.0	36.0	39.0	43.0	46.0	52.0	52.0	68.0	69.0
FAM_56_I	SON_1	0	MOTHER	1	-9	16.0	0.0	24.0	0.0	39.0	0.0	43.0	0.0	52.0	0.0	68.0	0.0
FAM_56_I	SON_2	0	MOTHER	1	-9	16.0	0.0	28.0	0.0	39.0	0.0	43.0	0.0	52.0	0.0	68.0	0.0
FAM_56_I	FATHER_1	0	0	1	-9	15.0	0.0	29.0	0.0	32.0	0.0	41.0	0.0	54.0	0.0	65.0	0.0
FAM_56_I	DAUGHTER_1	FATHER_1	MOTHER	2	-9	15.0	16.0	24.0	29.0	32.0	39.0	41.0	43.0	52.0	54.0	65.0	68.0
FAM_56_I	FATHER_2	0	0	1	-9	16.0	0.0	23.0	0.0	37.0	0.0	45.0	0.0	54.0	0.0	66.0	0.0
FAM_56_I	DAUGHTER_2	FATHER_2	MOTHER	2	-9	16.0	16.0	23.0	28.0	37.0	39.0	43.0	45.0	52.0	54.0	66.0	68.0
FAM_57_I	GRANDFATHER	0	0	1	-9	13.0	0.0	23.0	0.0	36.0	0.0	45.0	0.0	51.0	0.0	62.0	0.0
FAM_57_I	MOTHER	GRANDFATHER	0	2	-9	13.0	14.0	23.0	23.0	36.0	37.0	43.0	45.0	51.0	52.0	62.0	62.0
FAM_57_I	FATHER_1	0	0	1	-9	14.0	0.0	27.0	0.0	33.0	0.0	41.0	0.0	53.0	0.0	67.0	0.0
FAM_57_I	DAUGHTER_1	FATHER_1	MOTHER	2	-9	13.0	14.0	23.0	27.0	33.0	36.0	41.0	45.0	51.0	53.0	62.0	67.0
FAM_58_I	GRANDFATHER	0	0	1	-9	18.0	0.0	25.0	0.0	37.0	0.0	42.0	0.0	51.0	0.0	69.0	0.0
FAM_58_I	MOTHER	GRANDFATHER	0	2	-9	18.0	19.0	23.0	25.0	36.0	37.0	42.0	49.0	51.0	57.0	65.0	69.0
FAM_58_I	SON_1	0	MOTHER	1	-9	19.0	0.0	23.0	0.0	36.0	0.0	49.0	0.0	57.0	0.0	65.0	0.0
FAM_58_I	FATHER_1	0	0	1	-9	17.0	0.0	23.0	0.0	35.0	0.0	45.0	0.0	53.0	0.0	69.0	0.0
FAM_58_I	DAUGHTER_1	FATHER_1	MOTHER	2	-9	17.0	18.0	23.0	25.0	35.0	37.0	42.0	45.0	51.0	53.0	69.0	69.0
FAM_58_I	FATHER_2	0	0	1	-9	17.0	0.0	29.0	0.0	32.0	0.0	46.0	0.0	53.0	0.0	63.0	0.0
FAM_58_I	DAUGHTER_2	FATHER_2	MOTHER	2	-9	17.0	18.0	25.0	29.0	32.0	36.0	46.0	49.0	53.0	57.0	63.0	65.0
FAM_58_I	FATHER_3	0	0	1	-9	15.0	0.0	21.0	0.0	35.0	0.0	44.0	0.0	54.0	0.0	67.0	0.0
FAM_58_I	DAUGHTER_3	FATHER_3	MOTHER	2	-9	15.0	18.0	21.0	25.0	35.0	37.0	42.0	44.0	51.0	54.0	67.0	69.0
FAM_59_I	GRANDFATHER	0	0	1	-9	14.0	0.0	26.0	0.0	36.0	0.0	41.0	0.0	53.0	0.0	64.0	0.0
FAM_59_I	MOTHER	GRANDFATHER	0	2	-9	11.0	14.0	26.0	26.0	36.0	39.0	41.0	48.0	53.0	54.0	64.0	69.0
FAM_59_I	SON_1	0	MOTHER	1	-9	11.0	0.0	26.0	0.0	36.0	0.0	41.0	0.0	53.0	0.0	64.0	0.0
FAM_59_I	SON_2	0	MOTHER	1	-9	11.0	0.0	26.0	0.0	36.0	0.0	41.0	0.0	54.0	0.0	69.0	0.0
FAM_59_I	FATHER_1	0	0	1	-9	13.0	0.0	23.0	0.0	38.0	0.0	47.0	0.0	55.0	0.0	68.0	0.0
FAM_59_I	DAUGHTER_1	FATHER_1	MOTHER	2	-9	11.0	13.0	23.0	26.0	38.0	39.0	47.0	48.0	54.0	55.0	68.0	69.0
FAM_59_I	FATHER_2	0	0	1	-9	13.0	0.0	27.0	0.0	38.0	0.0	41.0	0.0	56.0	0.0	64.0	0.0
FAM_59_I	DAUGHTER_2	FATHER_2	MOTHER	2	-9	11.0	13.0	26.0	27.0	38.0	39.0	41.0	48.0	54.0	56.0	64.0	69.0
FAM_59_I	FATHER_3	0	0	1	-9	18.0	0.0	22.0	0.0	39.0	0.0	43.0	0.0	56.0	0.0	68.0	0.0
FAM_59_I	DAUGHTER_3	FATHER_3	MOTHER	2	-9	11.0	18.0	22.0	26.0	36.0	39.0	43.0	48.0	54.0	56.0	68.0	69.0
FAM_60_I	GRANDFATHER	0	0	1	-9	15.0	0.0	27.0	0.0	35.0	0.0	43.0	0.0	52.0	0.0	65.0	0.0
FAM_60_I	MOTHER	GRANDFATHER	0	2	-9	15.0	19.0	21.0	27.0	35.0	38.0	43.0	46.0	52.0	52.0	65.0	65.0
FAM_60_I	FATHER_1	0	0	1	-9	15.0	0.0	29.0	0.0	36.0	0.0	45.0	0.0	53.0	0.0	62.0	0.0
FAM_60_I	DAUGHTER_1	FATHER_1	MOTHER	2	-9	15.0	19.0	21.0	29.0	36.0	38.0	45.0	46.0	52.0	53.0	62.0	65.0
FAM_61_I	GRANDFATHER	0	0	1	-9	19.0	0.0	25.0	0.0	31.0	0.0	49.0	0.0	55.0	0.0	67.0	0.0
FAM_61_I	MOTHER	GRANDFATHER	0	2	-9	14.0	19.0	25.0	28.0	31.0	35.0	44.0	49.0	53.0	55.0	67.0	68.0
FAM_61_I	FATHER_1	0	0	1	-9	19.0	0.0	27.0	0.0	32.0	0.0	49.0	0.0	54.0	0.0	68.0	0.0
FAM_61_I	DAUGHTER_1	FATHER_1	MOTHER	2	-9	14.0	19.0	27.0	28.0	32.0	35.0	44.0	49.0	54.0	55.0	67.0	68.0
FAM_62_I	GRANDFATHER	0	0	1	-9	18.0	0.0	24.0	0.0	32.0	0.0	45.0	0.0	59.0	0.0	64.0	0.0
FAM_62_I	MOTHER	GRANDFATHER	0	2	-9	17.0	18.0	24.0	24.0	32.0	34.0	43.0	45.0	51.0	59.0	64.0	65.0
FAM_62_I	FATHER_1	0	0	1	-9	17.0	0.0	25.0	0.0	36.0	0.0	44.0	0.0	59.0	0.0	63.0	0.0
FAM_62_I	DAUGHTER_1	FATHER_1	MOTHER	2	-9	17.0	18.0	24.0	25.0	32.0	36.0	44.0	45.0	59.0	59.0	63.0	64.0
FAM_63_I	GRANDFATHER	0	0	1	-9	14.0	0.0	24.0	0.0	39.0	0.0	47.0	0.0	51.0	0.0	69.0	0.0
FAM_63_I	MOTHER	GRANDFATHER	0	2	-9	14.0	18.0	24.0	26.0	34.0	39.0	47.0	47.0	51.0	57.0	68.0	69.0
FAM_63_I	SON_1	0	MOTHER	1	-9	18.0	0.0	26.0	0.0	39.0	0.0	47.0	0.0	51.0	0.0	69.0	0.0
FAM_63_I	SON_2	0	MOTHER	1	-9	14.0	0.0	24.0	0.0	34.0	0.0	47.0	0.0	57.0	0.0	68.0	0.0
FAM_64_I	GRANDFATHER	0	0	1	-9	13.0	0.0	21.0	0.0	37.0	0.0	47.0	0.0	59.0	0.0	61.0	0.0
FAM_64_I	MOTHER	GRANDFATHER	0	2	-9	13.0	14.0	21.0	27.0	31.0	37.0	43.0	47.0	55.0	59.0	61.0	65.0
FAM_64_I	SON_1	0	MOTHER	1	-9	13.0	0.0	21.0	0.0	37.0	0.0	47.0	0.0	59.0	0.0	61.0	0.0
FAM_64_I	FATHER_1	0	0	1	-9	15.0	0.0	25.0	0.0	38.0	0.0	42.0	0.0	57.0	0.0	65.0	0.0
FAM_64_I	DAUGHTER_1	FATHER_1	MOTHER	2	-9	13.0	15.0	21.0	25.0	37.0	38.0	42.0	47.0	57.0	59.0	61.0	65.0
FAM_65_I	GRANDFATHER	0	0	1	-9	16.0	0.0	29.0	0.0	37.0	0.0	48.0	0.0	51.0	0.0	63.0	0.0
FAM_65_I	MOTHER	GRANDFATHER	0	2	-9	16.0	16.0	25.0	29.0	34.0	37.0	47.0	48.0	51.0	59.0	63.0	67.0
FAM_65_I	FATHER_1	0	0	1	-9	15.0	0.0	25.0	0.0	38.0	0.0	45.0	0.0	53.0	0.0	66.0	0.0
FAM_65_I	DAUGHTER_1	FATHER_1	MOTHER	2	-9	15.0	16.0	25.0	25.0	34.0	38.0	45.0	47.0	53.0	59.0	66.0	67.0
FAM_65_I	FATHER_2	0	0	1	-9	14.0	0.0	21.0	0.0	36.0	0.0	44.0	0.0	55.0	0.0	66.0	0.0
FAM_65_I	DAUGHTER_2	FATHER_2	MOTHER	2	-9	14.0	16.0	21.0	29.0	36.0	37.0	44.0	48.0	55.0	59.0	66.0	67.0
FAM_66_I	GRANDFATHER	0	0	1	-9	16.0	0.0	23.0	0.0	33.0	0.0	43.0	0.0	59.0	0.0	66.0	0.0
FAM_66_I	MOTHER	GRANDFATHER	0	2	-9	12.0	16.0	23.0	24.0	33.0	39.0	41.0	43.0	58.0	59.0	66.0	66.0
FAM_66_I	SON_1	0	MOTHER	1	-9	12.0	0.0	24.0	0.0	33.0	0.0	43.0	0.0	59.0	0.0	66.0	0.0
FAM_66_I	SON_2	0	MOTHER	1	-9	12.0	0.0	24.0	0.0	39.0	0.0	41.0	0.0	58.0	0.0	66.0	0.0
FAM_66_I	FATHER_1	0	0	1	-9	11.0	0.0	28.0	0.0	36.0	0.0	48.0	0.0	53.0	0.0	64.0	0.0
FAM_66_I	DAUGHTER_1	FATHER_1	MOTHER	2	-9	11.0	12.0	24.0	28.0	36.0	39.0	41.0	48.0	53.0	59.0	64.0	66.0
FAM_66_I	FATHER_2	0	0	1	-9	14.0	0.0	29.0	0.0	38.0	0.0	48.0	0.0	59.0	0.0	61.0	0.0
FAM_66_I	DAUGHTER_2	FATHER_2	MOTHER	2	-9	12.0	14.0	24.0	29.0	38.0	39.0	41.0	48.0	58.0	59.0	61.0	66.0
FAM_67_I	GRANDFATHER	0	0	1	-9	14.0	0.0	22.0	0.0	33.0	0.0	44.0	0.0	59.0	0.0	69.0	0.0
FAM_67_I	MOTHER	GRANDFATHER	0	2	-9	14.0	14.0	22.0	28.0	33.0	34.0	43.0	44.0	52.0	59.0	65.0	69.0
FAM_67_I	SON_1	0	MOTHER	1	-9	14.0	0.0	28.0	0.0	33.0	0.0	44.0	0.0	59.0	0.0	69.0	0.0
FAM_67_I	SON_2	0	MOTHER	1	-9	14.0	0.0	28.0	0.0	34.0	0.0	43.0	0.0	52.0	0.0	65.0	0.0
FAM_67_I	FATHER_1	0	0	1	-9	18.0	0.0	26.0	0.0	36.0	0.0	48.0	0.0	53.0	0.0	61.0	0.0
FAM_67_I	DAUGHTER_1	FATHER_1	MOTHER	2	-9	14.0	18.0	22.0	26.0	34.0	35.0	43.0	48.0	53.0	59.0	61.0	69.0
FAM_68_I	GRANDFATHER	0	0	1	-9	11.0	0.0	27.0	0.0	39.0	0.0	46.0	0.0	57.0	0.0	65.0	0.0
FAM_68_I	MOTHER	GRANDFATHER	0	2	-9	11.0	16.0	24.0	27.0	36.0	39.0	43.0	46.0	51.0	57.0	65.0	65.0
FAM_68_I	SON_1	0	MOTHER	1	-9	11.0	0.0	27.0	0.0	39.0	0.0	46.0	0.0	51.0	0.0	65.0	0.0
FAM_68_I	FATHER_1	0	0	1	-9	16.0	0.0	28.0	0.0	37.0	0.0	46.0	0.0	56.0	0.0	69.0	0.0
FAM_68_I	DAUGHTER_1	FATHER_1	MOTHER	2	-9	16.0	16.0	24.0	28.0	36.0	37.0	43.0	46.0	51.0	56.0	65.0	69.0
FAM_68_I	FATHER_2	0	0	1	-9	17.0	0.0	21.0	0.0	38.0	0.0	46.0	0.0	51.0	0.0	63.0	0.0
FAM_68_I	DAUGHTER_2	FATHER_2	MOTHER	2	-9	11.0	17.0	21.0	27.0	38.0	39.0	46.0	46.0	51.0	57.0	63.0	65.0
FAM_69_I	GRANDFATHER	0	0	1	-9	14.0	0.0	22.0	0.0	36.0	0.0	48.0	0.0	54.0	0.0	68.0	0.0
FAM_69_I	MOTHER	GRANDFATHER	0	2	-9	14.0	19.0	22.0	23.0	34.0	36.0	45.0	48.0	52.0	54.0	64.0	68.0
FAM_69_I	SON_1	0	MOTHER	1	-9	19.0	0.0	23.0	0.0	34.0	0.0	45.0	0.0	54.0	0.0	68.0	0.0
FAM_70_I	GRANDFATHER	0	0	1	-9	13.0	0.0	23.0	0.0	31.0	0.0	47.0	0.0	53.0	0.0	65.0	0.0
FAM_70_I	MOTHER	GRANDFATHER	0	2	-9	13.0	17.0	23.0	23.0	31.0	34.0	46.0	47.0	53.0	55.0	63.0	65.0
FAM_70_I	SON_1	0	MOTHER	1	-9	13.0	0.0	23.0	0.0	34.0	0.0	46.0	0.0	55.0	0.0	63.0	0.0
FAM_70_I	FATHER_1	0	0	1	-9	11.0	0.0	22.0	0.0	34.0	0.0	45.0	0.0	51.0	0.0	61.0	0.0
FAM_70_I	DAUGHTER_1	FATHER_1	MOTHER	2	-9	11.0	17.0	22.0	23.0	34.0	34.0	45.0	46.0	51.0	55.0	61.0	63.0
FAM_71_I	GRANDFATHER	0	0	1	-9	16.0	0.0	21.0	0.0	38.0	0.0	49.0	0.0	54.0	0.0	69.0	0.0
FAM_71_I	MOTHER	GRANDFATHER	0	2	-9	16.0	17.0	21.0	22.0	33.0	38.0	43.0	49.0	54.0	56.0	68.0	69.0
FAM_71_I	FATHER_1	0	0	1	-9	16.0	0.0	29.0	0.0	39.0	0.0	46.0	0.0	58.0	0.0	61.0	0.0
FAM_71_I	DAUGHTER_1	FATHER_1	MOTHER	2	-9	16.0	17.0	22.0	29.0	33.0	39.0	43.0	46.0	56.0	58.0	61.0	68.0
FAM_71_I	FATHER_2	0	0	1	-9	17.0	0.0	29.0	0.0	35.0	0.0	49.0	0.0	59.0	0.0	67.0	0.0
FAM_71_I	DAUGHTER_2	FATHER_2	MOTHER	2	-9	16.0	17.0	21.0	29.0	33.0	35.0	43.0	49.0	56.0	59.0	67.0	68.0
FAM_72_I	GRANDFATHER	0	0	1	-9	17.0	0.0	27.0	0.0	35.0	0.0	46.0	0.0	59.0	0.0	65.0	0.0
FAM_72_I	MOTHER	GRANDFATHER	0	2	-9	17.0	19.0	27.0	29.0	31.0	35.0	46.0	49.0	58.0	59.0	62.0	65.0
FAM_72_I	SON_1	0	MOTHER	1	-9	19.0	0.0	29.0	0.0	35.0	0.0	46.0	0.0	59.0	0.0	65.0	0.0
FAM_73_I	GRANDFATHER	0	0	1	-9	14.0	0.0	28.0	0.0	38.0	0.0	47.0	0.0	53.0	0.0	66.0	0.0
FAM_73_I	MOTHER	GRANDFATHER	0	2	-9	14.0	19.0	24.0	28.0	37.0	38.0	41.0	47.0	53.0	56.0	66.0	67.0
FAM_73_I	SON_1	0	MOTHER	1	-9	19.0	0.0	28.0	0.0	38.0	0.0	47.0	0.0	53.0	0.0	66.0	0.0
FAM_73_I	SON_2	0	MOTHER	1	-9	19.0	0.0	24.0	0.0	38.0	0.0	47.0	0.0	56.0	0.0	67.0	0.0
FAM_73_I	FATHER_1	0	0	1	-9	12.0	0.0	21.0	0.0	32.0	0.0	49.0	0.0	52.0	0.0	66.0	0.0
FAM_73_I	DAUGHTER_1	FATHER_1	MOTHER	2	-9	12.0	14.0	21.0	28.0	32.0	38.0	47.0	49.0	52.0	56.0	66.0	67.0
FAM_73_I	FATHER_2	0	0	1	-9	16.0	0.0	29.0	0.0	37.0	0.0	49.0	0.0	57.0	0.0	69.0	0.0
FAM_73_I	DAUGHTER_2	FATHER_2	MOTHER	2	-9	16.0	19.0	24.0	29.0	37.0	37.0	41.0	49.0	56.0	57.0	67.0	69.0
FAM_74_I	GRANDFATHER	0	0	1	-9	17.0	0.0	28.0	0.0	31.0	0.0	44.0	0.0	54.0	0.0	61.0	0.0
FAM_74_I	MOTHER	GRANDFATHER	0	2	-9	14.0	17.0	28.0	28.0	31.0	35.0	44.0	47.0	51.0	54.0	61.0	61.0
FAM_74_I	SON_1	0	MOTHER	1	-9	14.0	0.0	28.0	0.0	31.0	0.0	44.0	0.0	51.0	0.0	61.0	0.0
FAM_74_I	SON_2	0	MOTHER	1	-9	14.0	0.0	28.0	0.0	35.0	0.0	47.0	0.0	51.0	0.0	61.0	0.0
FAM_74_I	FATHER_1	0	0	1	-9	16.0	0.0	29.0	0.0	38.0	0.0	43.0	0.0	52.0	0.0	63.0	0.0
FAM_74_I	DAUGHTER_1	FATHER_1	MOTHER	2	-9	14.0	16.0	28.0	29.0	35.0	38.0	43.0	47.0	51.0	52.0	61.0	63.0
FAM_74_I	FATHER_2	0	0	1	-9	13.0	0.0	23.0	0.0	36.0	0.0	49.0	0.0	57.0	0.0	66.0	0.0
FAM_74_I	DAUGHTER_2	FATHER_2	MOTHER	2	-9	13.0	17.0	23.0	28.0	35.0	36.0	47.0	49.0	51.0	57.0	61.0	66.0
FAM_75_I	GRANDFATHER	0	0	1	-9	14.0	0.0	23.0	0.0	36.0	0.0	44.0	0.0	56.0	0.0	68.0	0.0
FAM_75_I	MOTHER	GRANDFATHER	0	2	-9	14.0	16.0	23.0	25.0	36.0	38.0	44.0	45.0	56.0	56.0	68.0	69.0
FAM_75_I	FATHER_1	0	0	1	-9	14.0	0.0	29.0	0.0	34.0	0.0	46.0	0.0	54.0	0.0	62.0	0.0
FAM_75_I	DAUGHTER_1	FATHER_1	MOTHER	2	-9	14.0	16.0	25.0	29.0	34.0	36.0	44.0	46.0	54.0	56.0	62.0	68.0
FAM_75_I	FATHER_2	0	0	1	-9	16.0	0.0	26.0	0.0	32.0	0.0	47.0	0.0	51.0	0.0	63.0	0.0
FAM_75_I	DAUGHTER_2	FATHER_2	MOTHER	2	-9	16.0	16.0	25.0	26.0	32.0	38.0	45.0	47.0	51.0	56.0	63.0	69.0
FAM_76_I	GRANDFATHER	0	0	1	-9	12.0	0.0	24.0	0.0	31.0	0.0	41.0	0.0	56.0	0.0	67.0	0.0
FAM_76_I	MOTHER	GRANDFATHER	0	2	-9	12.0	15.0	24.0	29.0	31.0	37.0	41.0	49.0	54.0	56.0	64.0	67.0
FAM_76_I	SON_1	0	MOTHER	1	-9	12.0	0.0	24.0	0.0	31.0	0.0	41.0	0.0	56.0	0.0	67.0	0.0
FAM_76_I	FATHER_1	0	0	1	-9	12.0	0.0	29.0	0.0	38.0	0.0	43.0	0.0	57.0	0.0	67.0	0.0
FAM_76_I	DAUGHTER_1	FATHER_1	MOTHER	2	-9	12.0	15.0	29.0	29.0	31.0	38.0	41.0	43.0	56.0	57.0	67.0	67.0
FAM_76_I	FATHER_2	0	0	1	-9	16.0	0.0	25.0	0.0	31.0	0.0	44.0	0.0	55.0	0.0	63.0	0.0
FAM_76_I	DAUGHTER_2	FATHER_2	MOTHER	2	-9	15.0	16.0	25.0	29.0	31.0	31.0	41.0	44.0	55.0	56.0	63.0	67.0
FAM_77_I	GRANDFATHER	0	0	1	-9	19.0	0.0	21.0	0.0	38.0	0.0	45.0	0.0	51.0	0.0	67.0	0.0
FAM_77_I	MOTHER	GRANDFATHER	0	2	-9	18.0	19.0	21.0	25.0	36.0	38.0	45.0	49.0	51.0	53.0	67.0	69.0
FAM_77_I	SON_1	0	MOTHER	1	-9	19.0	0.0	21.0	0.0	38.0	0.0	45.0	0.0	51.0	0.0	67.0	0.0
FAM_77_I	FATHER_1	0	0	1	-9	14.0	0.0	24.0	0.0	35.0	0.0	45.0	0.0	59.0	0.0	65.0	0.0
FAM_77_I	DAUGHTER_1	FATHER_1	MOTHER	2	-9	14.0	18.0	24.0	25.0	35.0	38.0	45.0	45.0	51.0	59.0	65.0	67.0
FAM_77_I	FATHER_2	0	0	1	-9	11.0	0.0	24.0	0.0	36.0	0.0	44.0	0.0	52.0	0.0	66.0	0.0
FAM_77_I	DAUGHTER_2	FATHER_2	MOTHER	2	-9	11.0	19.0	21.0	24.0	36.0	38.0	44.0	45.0	51.0	52.0	66.0	67.0
FAM_77_I	FATHER_3	0	0	1	-9	19.0	0.0	23.0	0.0	39.0	0.0	45.0	0.0	59.0	0.0	69.0	0.0
FAM_77_I	DAUGHTER_3	FATHER_3	MOTHER	2	-9	19.0	19.0	21.0	23.0	38.0	39.0	45.0	45.0	51.0	59.0	67.0	69.0
FAM_78_I	GRANDFATHER	0	0	1	-9	16.0	0.0	27.0	0.0	35.0	0.0	47.0	0.0	59.0	0.0	67.0	0.0
FAM_78_I	MOTHER	GRANDFATHER	0	2	-9	16.0	18.0	24.0	27.0	31.0	35.0	45.0	47.0	58.0	59.0	65.0	67.0
FAM_78_I	SON_1	0	MOTHER	1	-9	18.0	0.0	24.0	0.0	31.0	0.0	45.0	0.0	58.0	0.0	65.0	0.0
FAM_78_I	SON_2	0	MOTHER	1	-9	16.0	0.0	27.0	0.0	35.0	0.0	47.0	0.0	59.0	0.0	67.0	0.0
FAM_78_I	SON_3	0	MOTHER	1	-9	16.0	0.0	27.0	0.0	35.0	0.0	47.0	0.0	59.0	0.0	67.0	0.0
FAM_78_I	SON_4	0	MOTHER	1	-9	16.0	0.0	27.0	0.0	35.0	0.0	47.0	0.0	59.0	0.0	67.0	0.0
FAM_78_I	FATHER_1	0	0	1	-9	19.0	0.0	23.0	0.0	34.0	0.0	49.0	0.0	55.0	0.0	65.0	0.0
FAM_78_I	DAUGHTER_1	FATHER_1	MOTHER	2	-9	16.0	19.0	23.0	27.0	31.0	34.0	45.0	49.0	55.0	59.0	65.0	67.0
FAM_79_I	GRANDFATHER	0	0	1	-9	15.0	0.0	24.0	0.0	36.0	0.0	47.0	0.0	58.0	0.0	62.0	0.0
FAM_79_I	MOTHER	GRANDFATHER	0	2	-9	15.0	19.0	24.0	26.0	36.0	37.0	45.0	47.0	58.0	59.0	62.0	65.0
FAM_79_I	SON_1	0	MOTHER	1	-9	19.0	0.0	26.0	0.0	37.0	0.0	45.0	0.0	59.0	0.0	65.0	0.0
FAM_79_I	SON_2	0	MOTHER	1	-9	19.0	0.0	26.0	0.0	37.0	0.0	45.0	0.0	58.0	0.0	62.0	0.0
FAM_79_I	SON_3	0	MOTHER	1	-9	19.0	0.0	26.0	0.0	37.0	0.0	45.0	0.0	59.0	0.0	65.0	0.0
FAM_80_I	GRANDFATHER	0	0	1	-9	16.0	0.0	25.0	0.0	36.0	0.0	41.0	0.0	54.0	0.0	63.0	0.0
FAM_80_I	MOTHER	GRANDFATHER	0	2	-9	16.0	18.0	22.0	25.0	36.0	36.0	41.0	44.0	54.0	58.0	62.0	63.0
FAM_80_I	SON_1	0	MOTHER	1	-9	16.0	0.0	25.0	0.0	36.0	0.0	41.0	0.0	58.0	0.0	62.0	0.0
FAM_80_I	FATHER_1	0	0	1	-9	11.0	0.0	26.0	0.0	32.0	0.0	43.0	0.0	56.0	0.0	64.0	0.0
FAM_80_I	DAUGHTER_1	FATHER_1	MOTHER	2	-9	11.0	18.0	22.0	26.0	32.0	36.0	41.0	43.0	56.0	58.0	62.0	64.0
FAM_80_I	FATHER_2	0	0	1	-9	19.0	0.0	29.0	0.0	36.0	0.0	45.0	0.0	54.0	0.0	66.0	0.0
FAM_80_I	DAUGHTER_2	FATHER_2	MOTHER	2	-9	16.0	19.0	25.0	29.0	36.0	36.0	41.0	45.0	54.0	54.0	63.0	66.0
FAM_80_I	FATHER_3	0	0	1	-9	16.0	0.0	24.0	0.0	32.0	0.0	46.0	0.0	56.0	0.0	63.0	0.0
FAM_80_I	DAUGHTER_3	FATHER_3	MOTHER	2	-9	16.0	16.0	24.0	25.0	32.0	36.0	41.0	46.0	54.0	56.0	63.0	63.0
FAM_81_I	GRANDFATHER	0	0	1	-9	13.0	0.0	28.0	0.0	32.0	0.0	47.0	0.0	54.0	0.0	61.0	0.0
FAM_81_I	MOTHER	GRANDFATHER	0	2	-9	11.0	13.0	24.0	28.0	32.0	38.0	45.0	47.0	51.0	54.0	61.0	69.0
FAM_81_I	SON_1	0	MOTHER	1	-9	11.0	0.0	24.0	0.0	39.0	0.0	45.0	0.0	51.0	0.0	69.0	0.0
FAM_81_I	FATHER_1	0	0	1	-9	19.0	0.0	28.0	0.0	33.0	0.0	46.0	0.0	55.0	0.0	67.0	0.0
FAM_81_I	DAUGHTER_1	FATHER_1	MOTHER	2	-9	13.0	19.0	28.0	28.0	32.0	33.0	46.0	47.0	51.0	55.0	67.0	69.0
FAM_81_I	FATHER_2	0	0	1	-9	19.0	0.0	25.0	0.0	31.0	0.0	48.0	0.0	59.0	0.0	69.0	0.0
FAM_81_I	DAUGHTER_2	FATHER_2	MOTHER	2	-9	11.0	19.0	24.0	25.0	31.0	38.0	45.0	48.0	51.0	59.0	69.0	69.0
FAM_82_I	GRANDFATHER	0	0	1	-9	16.0	0.0	29.0	0.0	37.0	0.0	42.0	0.0	51.0	0.0	62.0	0.0
FAM_82_I	MOTHER	GRANDFATHER	0	2	-9	11.0	16.0	21.0	29.0	37.0	37.0	42.0	46.0	51.0	52.0	62.0	64.0
FAM_82_I	SON_1	0	MOTHER	1	-9	11.0	0.0	21.0	0.0	37.0	0.0	46.0	0.0	51.0	0.0	62.0	0.0
FAM_83_I	GRANDFATHER	0	0	1	-9	11.0	0.0	25.0	0.0	36.0	0.0	42.0	0.0	56.0	0.0	66.0	0.0
FAM_83_I	MOTHER	GRANDFATHER	0	2	-9	11.0	13.0	25.0	25.0	36.0	38.0	42.0	46.0	52.0	56.0	66.0	69.0
FAM_83_I	SON_1	0	MOTHER	1	-9	11.0	0.0	25.0	0.0	36.0	0.0	46.0	0.0	52.0	0.0	69.0	0.0
FAM_84_I	GRANDFATHER	0	0	1	-9	11.0	0.0	28.0	0.0	31.0	0.0	45.0	0.0	56.0	0.0	67.0	0.0
FAM_84_I	MOTHER	GRANDFATHER	0	2	-9	11.0	13.0	27.0	28.0	31.0	39.0	45.0	46.0	54.0	56.0	67.0	67.0
FAM_84_I	FATHER_1	0	0	1	-9	13.0	0.0	27.0	0.0	31.0	0.0	48.0	0.0	59.0	0.0	66.0	0.0
FAM_84_I	DAUGHTER_1	FATHER_1	MOTHER	2	-9	13.0	13.0	27.0	27.0	31.0	31.0	45.0	48.0	56.0	59.0	66.0	67.0
FAM_85_I	GRANDFATHER	0	0	1	-9	11.0	0.0	25.0	0.0	34.0	0.0	43.0	0.0	56.0	0.0	65.0	0.0
FAM_85_I	MOTHER	GRANDFATHER	0	2	-9	11.0	15.0	25.0	25.0	34.0	38.0	43.0	43.0	56.0	57.0	62.0	65.0
FAM_85_I	SON_1	0	MOTHER	1	-9	15.0	0.0	25.0	0.0	38.0	0.0	43.0	0.0	57.0	0.0	62.0	0.0
FAM_86_I	GRANDFATHER	0	0	1	-9	14.0	0.0	25.0	0.0	39.0	0.0	48.0	0.0	51.0	0.0	66.0	0.0
FAM_86_I	MOTHER	GRANDFATHER	0	2	-9	14.0	17.0	21.0	25.0	34.0	39.0	47.0	48.0	51.0	55.0	66.0	69.0
FAM_86_I	SON_1	0	MOTHER	1	-9	14.0	0.0	25.0	0.0	39.0	0.0	48.0	0.0	51.0	0.0	66.0	0.0
FAM_86_I	SON_2	0	MOTHER	1	-9	17.0	0.0	21.0	0.0	39.0	0.0	48.0	0.0	51.0	0.0	66.0	0.0
FAM_86_I	SON_3	0	MOTHER	1	-9	17.0	0.0	21.0	0.0	39.0	0.0	48.0	0.0	51.0	0.0	66.0	0.0
FAM_86_I	FATHER_1	0	0	1	-9	11.0	0.0	26.0	0.0	33.0	0.0	49.0	0.0	58.0	0.0	61.0	0.0
FAM_86_I	DAUGHTER_1	FATHER_1	MOTHER	2	-9	11.0	17.0	21.0	26.0	33.0	39.0	48.0	49.0	51.0	58.0	61.0	66.0
FAM_86_I	FATHER_2	0	0	1	-9	17.0	0.0	23.0	0.0	35.0	0.0	42.0	0.0	59.0	0.0	65.0	0.0
FAM_86_I	DAUGHTER_2	FATHER_2	MOTHER	2	-9	14.0	17.0	23.0	25.0	35.0	39.0	42.0	48.0	51.0	59.0	65.0	66.0
FAM_87_I	GRANDFATHER	0	0	1	-9	14.0	0.0	26.0	0.0	32.0	0.0	44.0	0.0	57.0	0.0	67.0	0.0
FAM_87_I	MOTHER	GRANDFATHER	0	2	-9	14.0	15.0	26.0	28.0	32.0	38.0	44.0	46.0	54.0	57.0	67.0	69.0
FAM_87_I	SON_1	0	MOTHER	1	-9	14.0	0.0	26.0	0.0	38.0	0.0	46.0	0.0	54.0	0.0	69.0	0.0
FAM_87_I	SON_2	0	MOTHER	1	-9	14.0	0.0	26.0	0.0	32.0	0.0	44.0	0.0	57.0	0.0	67.0	0.0
FAM_87_I	SON_3	0	MOTHER	1	-9	14.0	0.0	26.0	0.0	32.0	0.0	44.0	0.0	57.0	0.0	67.0	0.0
FAM_87_I	FATHER_1	0	0	1	-9	16.0	0.0	26.0	0.0	36.0	0.0	42.0	0.0	51.0	0.0	67.0	0.0
FAM_87_I	DAUGHTER_1	FATHER_1	MOTHER	2	-9	14.0	16.0	26.0	26.0	36.0	38.0	42.0	46.0	51.0	54.0	67.0	69.0
FAM_88_I	GRANDFATHER	0	0	1	-9	16.0	0.0	23.0	0.0	35.0	0.0	44.0	0.0	59.0	0.0	66.0	0.0
FAM_88_I	MOTHER	GRANDFATHER	0	2	-9	15.0	16.0	23.0	25.0	35.0	37.0	43.0	44.0	55.0	59.0	61.0	66.0
FAM_88_I	FATHER_1	0	0	1	-9	19.0	0.0	21.0	0.0	39.0	0.0	43.0	0.0	55.0	0.0	68.0	0.0
FAM_88_I	DAUGHTER_1	FATHER_1	MOTHER	2	-9	16.0	19.0	21.0	23.0	35.0	39.0	43.0	44.0	55.0	59.0	66.0	68.0
FAM_88_I	FATHER_2	0	0	1	-9	11.0	0.0	28.0	0.0	39.0	0.0	49.0	0.0	51.0	0.0	65.0	0.0
FAM_88_I	DAUGHTER_2	FATHER_2	MOTHER	2	-9	11.0	16.0	23.0	28.0	35.0	39.0	44.0	49.0	51.0	59.0	65.0	66.0
FAM_89_I	GRANDFATHER	0	0	1	-9	19.0	0.0	24.0	0.0	38.0	0.0	49.0	0.0	56.0	0.0	69.0	0.0
FAM_89_I	MOTHER	GRANDFATHER	0	2	-9	15.0	19.0	24.0	27.0	33.0	38.0	42.0	49.0	52.0	56.0	65.0	69.0
FAM_89_I	SON_1	0	MOTHER	1	-9	19.0	0.0	24.0	0.0	38.0	0.0	49.0	0.0	56.0	0.0	69.0	0.0
FAM_90_I	GRANDFATHER	0	0	1	-9	19.0	0.0	23.0	0.0	31.0	0.0	44.0	0.0	51.0	0.0	64.0	0.0
FAM_90_I	MOTHER	GRANDFATHER	0	2	-9	18.0	19.0	23.0	24.0	31.0	36.0	44.0	47.0	51.0	55.0	64.0	67.0
FAM_90_I	SON_1	0	MOTHER	1	-9	19.0	0.0	23.0	0.0	31.0	0.0	44.0	0.0	51.0	0.0	64.0	0.0
FAM_90_I	SON_2	0	MOTHER	1	-9	18.0	0.0	24.0	0.0	36.0	0.0	47.0	0.0	55.0	0.0	67.0	0.0
FAM_90_I	FATHER_1	0	0	1	-9	14.0	0.0	21.0	0.0	39.0	0.0	47.0	0.0	51.0	0.0	64.0	0.0
FAM_90_I	DAUGHTER_1	FATHER_1	MOTHER	2	-9	14.0	18.0	21.0	24.0	36.0	39.0	47.0	47.0	51.0	55.0	64.0	67.0
FAM_90_I	FATHER_2	0	0	1	-9	14.0	0.0	28.0	0.0	36.0	0.0	46.0	0.0	59.0	0.0	66.0	0.0
FAM_90_I	DAUGHTER_2	FATHER_2	MOTHER	2	-9	14.0	18.0	24.0	28.0	31.0	35.0	44.0	46.0	51.0	59.0	64.0	66.0
FAM_91_I	GRANDFATHER	0	0	1	-9	14.0	0.0	22.0	0.0	33.0	0.0	45.0	0.0	55.0	0.0	68.0	0.0
FAM_91_I	MOTHER	GRANDFATHER	0	2	-9	14.0	15.0	22.0	24.0	32.0	33.0	45.0	48.0	55.0	57.0	67.0	68.0
FAM_91_I	FATHER_1	0	0	1	-9	15.0	0.0	21.0	0.0	33.0	0.0	42.0	0.0	58.0	0.0	65.0	0.0
FAM_91_I	DAUGHTER_1	FATHER_1	MOTHER	2	-9	15.0	15.0	21.0	24.0	32.0	33.0	42.0	48.0	57.0	58.0	65.0	67.0
FAM_91_I	FATHER_2	0	0	1	-9	18.0	0.0	21.0	0.0	36.0	0.0	45.0	0.0	57.0	0.0	64.0	0.0
FAM_91_I	DAUGHTER_2	FATHER_2	MOTHER	2	-9	15.0	18.0	21.0	22.0	32.0	36.0	45.0	48.0	57.0	57.0	64.0	67.0
FAM_92_I	GRANDFATHER	0	0	1	-9	17.0	0.0	27.0	0.0	36.0	0.0	43.0	0.0	54.0	0.0	66.0	0.0
FAM_92_I	MOTHER	GRANDFATHER	0	2	-9	11.0	17.0	22.0	27.0	35.0	36.0	43.0	45.0	54.0	56.0	65.0	66.0
FAM_92_I	SON_1	0	MOTHER	1	-9	17.0	0.0	27.0	0.0	35.0	0.0	45.0	0.0	56.0	0.0	65.0	0.0
FAM_92_I	FATHER_1	0	0	1	-9	11.0	0.0	21.0	0.0	34.0	0.0	45.0	0.0	56.0	0.0	64.0	0.0
FAM_92_I	DAUGHTER_1	FATHER_1	MOTHER	2	-9	11.0	11.0	21.0	22.0	34.0	35.0	45.0	45.0	56.0	56.0	64.0	65.0
FAM_92_I	FATHER_2	0	0	1	-9	18.0	0.0	29.0	0.0	31.0	0.0	43.0	0.0	57.0	0.0	68.0	0.0
FAM_92_I	DAUGHTER_2	FATHER_2	MOTHER	2	-9	17.0	18.0	27.0	29.0	31.0	36.0	43.0	43.0	54.0	57.0	66.0	68.0
FAM_92_I	FATHER_3	0	0	1	-9	13.0	0.0	23.0	0.0	35.0	0.0	44.0	0.0	53.0	0.0	69.0	0.0
FAM_92_I	DAUGHTER_3	FATHER_3	MOTHER	2	-9	13.0	17.0	23.0	27.0	35.0	35.0	44.0	45.0	53.0	56.0	65.0	69.0
FAM_93_I	GRANDFATHER	0	0	1	-9	16.0	0.0	25.0	0.0	37.0	0.0	45.0	0.0	51.0	0.0	67.0	0.0
FAM_93_I	MOTHER	GRANDFATHER	0	2	-9	16.0	16.0	23.0	25.0	37.0	37.0	41.0	45.0	51.0	54.0	67.0	68.0
FAM_93_I	SON_1	0	MOTHER	1	-9	16.0	0.0	25.0	0.0	37.0	0.0	45.0	0.0	51.0	0.0	67.0	0.0
FAM_93_I	SON_2	0	MOTHER	1	-9	16.0	0.0	23.0	0.0	37.0	0.0	41.0	0.0	51.0	0.0	67.0	0.0
FAM_93_I	FATHER_1	0	0	1	-9	15.0	0.0	26.0	0.0	37.0	0.0	47.0	0.0	55.0	0.0	69.0	0.0
FAM_93_I	DAUGHTER_1	FATHER_1	MOTHER	2	-9	15.0	16.0	23.0	26.0	37.0	37.0	45.0	47.0	54.0	55.0	68.0	69.0
FAM_93_I	FATHER_2	0	0	1	-9	19.0	0.0	27.0	0.0	34.0	0.0	42.0	0.0	55.0	0.0	64.0	0.0
FAM_93_I	DAUGHTER_2	FATHER_2	MOTHER	2	-9	16.0	19.0	23.0	27.0	34.0	37.0	42.0	45.0	51.0	55.0	64.0	67.0
FAM_94_I	GRANDFATHER	0	0	1	-9	16.0	0.0	26.0	0.0	38.0	0.0	42.0	0.0	54.0	0.0	69.0	0.0
FAM_94_I	MOTHER	GRANDFATHER	0	2	-9	16.0	17.0	24.0	26.0	37.0	38.0	42.0	46.0	54.0	55.0	68.0	69.0
FAM_94_I	SON_1	0	MOTHER	1	-9	17.0	0.0	24.0	0.0	38.0	0.0	42.0	0.0	54.0	0.0	69.0	0.0
FAM_95_I	GRANDFATHER	0	0	1	-9	16.0	0.0	21.0	0.0	36.0	0.0	41.0	0.0	55.0	0.0	67.0	0.0
FAM_95_I	MOTHER	GRANDFATHER	0	2	-9	11.0	16.0	21.0	29.0	31.0	36.0	41.0	46.0	55.0	58.0	67.0	68.0
FAM_95_I	SON_1	0	MOTHER	1	-9	11.0	0.0	29.0	0.0	31.0	0.0	46.0	0.0	58.0	0.0	68.0	0.0
FAM_96_I	GRANDFATHER	0	0	1	-9	14.0	0.0	27.0	0.0	38.0	0.0	42.0	0.0	51.0	0.0	66.0	0.0
FAM_96_I	MOTHER	GRANDFATHER	0	2	-9	14.0	15.0	21.0	27.0	36.0	38.0	42.0	49.0	51.0	58.0	66.0	67.0
FAM_96_I	SON_1	0	MOTHER	1	-9	14.0	0.0	27.0	0.0	38.0	0.0	42.0	0.0	58.0	0.0	67.0	0.0
FAM_96_I	FATHER_1	0	0	1	-9	13.0	0.0	26.0	0.0	35.0	0.0	41.0	0.0	51.0	0.0	65.0	0.0
FAM_96_I	DAUGHTER_1	FATHER_1	MOTHER	2	-9	13.0	14.0	26.0	27.0	35.0	36.0	41.0	49.0	51.0	58.0	65.0	67.0
FAM_97_I	GRANDFATHER	0	0	1	-9	17.0	0.0	29.0	0.0	39.0	0.0	44.0	0.0	51.0	0.0	68.0	0.0
FAM_97_I	MOTHER	GRANDFATHER	0	2	-9	12.0	17.0	24.0	29.0	37.0	39.0	42.0	44.0	51.0	54.0	63.0	68.0
FAM_97_I	SON_1	0	MOTHER	1	-9	12.0	0.0	24.0	0.0	39.0	0.0	44.0	0.0	51.0	0.0	68.0	0.0
FAM_98_I	GRANDFATHER	0	0	1	-9	12.0	0.0	25.0	0.0	34.0	0.0	47.0	0.0	53.0	0.0	65.0	0.0
FAM_98_I	MOTHER	GRANDFATHER	0	2	-9	12.0	18.0	23.0	25.0	34.0	39.0	46.0	47.0	53.0	57.0	62.0	65.0
FAM_98_I	FATHER_1	0	0	1	-9	11.0	0.0	25.0	0.0	32.0	0.0	41.0	0.0	52.0	0.0	62.0	0.0
FAM_98_I	DAUGHTER_1	FATHER_1	MOTHER	2	-9	11.0	12.0	25.0	25.0	32.0	34.0	41.0	47.0	52.0	53.0	62.0	65.0
FAM_98_I	FATHER_2	0	0	1	-9	18.0	0.0	27.0	0.0	38.0	0.0	48.0	0.0	58.0	0.0	67.0	0.0
FAM_98_I	DAUGHTER_2	FATHER_2	MOTHER	2	-9	12.0	18.0	25.0	27.0	34.0	38.0	47.0	48.0	53.0	58.0	65.0	67.0
FAM_99_I	GRANDFATHER	0	0	1	-9	14.0	0.0	21.0	0.0	37.0	0.0	48.0	0.0	56.0	0.0	69.0	0.0
FAM_99_I	MOTHER	GRANDFATHER	0	2	-9	14.0	15.0	21.0	25.0	35.0	37.0	48.0	48.0	53.0	56.0	63.0	69.0
FAM_99_I	FATHER_1	0	0	1	-9	11.0	0.0	24.0	0.0	33.0	0.0	49.0	0.0	56.0	0.0	63.0	0.0
FAM_99_I	DAUGHTER_1	FATHER_1	MOTHER	2	-9	11.0	14.0	24.0	25.0	33.0	35.0	48.0	49.0	53.0	56.0	63.0	63.0
FAM_99_I	FATHER_2	0	0	1	-9	19.0	0.0	22.0	0.0	35.0	0.0	42.0	0.0	51.0	0.0	65.0	0.0
FAM_99_I	DAUGHTER_2	FATHER_2	MOTHER	2	-9	14.0	19.0	21.0	22.0	35.0	37.0	42.0	48.0	51.0	56.0	65.0	69.0
FAM_100_II	MOTHER	0	0	2	-9	16.0	16.0	24.0	24.0	36.0	37.0	42.0	45.0	53.0	55.0	62.0	69.0
FAM_100_II	SON_1	0	MOTHER	1	-9	16.0	0.0	24.0	0.0	37.0	0.0	42.0	0.0	55.0	0.0	62.0	0.0
FAM_100_II	SON_2	0	MOTHER	1	-9	16.0	0.0	24.0	0.0	36.0	0.0	45.0	0.0	53.0	0.0	69.0	0.0
FAM_101_II	MOTHER	0	0	2	-9	11.0	17.0	22.0	24.0	33.0	33.0	44.0	49.0	55.0	56.0	68.0	69.0
FAM_101_II	FATHER_1	0	0	1	-9	15.0	0.0	28.0	0.0	37.0	0.0	45.0	0.0	59.0	0.0	64.0	0.0
FAM_101_II	DAUGHTER_1	FATHER_1	MOTHER	2	-9	15.0	17.0	24.0	28.0	33.0	37.0	44.0	45.0	56.0	59.0	64.0	68.0
FAM_101_II	FATHER_2	0	0	1	-9	17.0	0.0	28.0	0.0	32.0	0.0	41.0	0.0	53.0	0.0	62.0	0.0
FAM_101_II	DAUGHTER_2	FATHER_2	MOTHER	2	-9	11.0	17.0	22.0	28.0	32.0	33.0	41.0	49.0	53.0	56.0	62.0	68.0
FAM_102_II	MOTHER	0	0	2	-9	15.0	18.0	25.0	28.0	35.0	39.0	41.0	45.0	56.0	57.0	61.0	66.0
FAM_102_II	SON_1	0	MOTHER	1	-9	18.0	0.0	28.0	0.0	39.0	0.0	41.0	0.0	57.0	0.0	61.0	0.0
FAM_102_II	SON_2	0	MOTHER	1	-9	18.0	0.0	28.0	0.0	35.0	0.0	45.0	0.0	56.0	0.0	66.0	0.0
FAM_103_II	MOTHER	0	0	2	-9	13.0	18.0	22.0	23.0	32.0	38.0	43.0	44.0	54.0	58.0	62.0	66.0
FAM_103_II	SON_1	0	MOTHER	1	-9	18.0	0.0	23.0	0.0	32.0	0.0	44.0	0.0	58.0	0.0	66.0	0.0
FAM_103_II	SON_2	0	MOTHER	1	-9	13.0	0.0	22.0	0.0	32.0	0.0	44.0	0.0	58.0	0.0	66.0	0.0
FAM_103_II	SON_3	0	MOTHER	1	-9	18.0	0.0	23.0	0.0	32.0	0.0	44.0	0.0	58.0	0.0	66.0	0.0
FAM_103_II	SON_4	0	MOTHER	1	-9	13.0	0.0	22.0	0.0	38.0	0.0	43.0	0.0	58.0	0.0	66.0	0.0
FAM_103_II	FATHER_1	0	0	1	-9	17.0	0.0	26.0	0.0	34.0	0.0	46.0	0.0	56.0	0.0	62.0	0.0
FAM_103_II	DAUGHTER_1	FATHER_1	MOTHER	2	-9	13.0	17.0	22.0	26.0	34.0	38.0	43.0	46.0	54.0	56.0	62.0	62.0
FAM_103_II	FATHER_2	0	0	1	-9	15.0	0.0	21.0	0.0	39.0	0.0	45.0	0.0	54.0	0.0	61.0	0.0
FAM_103_II	DAUGHTER_2	FATHER_2	MOTHER	2	-9	13.0	15.0	21.0	22.0	38.0	39.0	43.0	45.0	54.0	58.0	61.0	66.0
FAM_104_II	MOTHER	0	0	2	-9	14.0	14.0	21.0	28.0	32.0	37.0	42.0	49.0	55.0	56.0	65.0	65.0
FAM_104_II	SON_1	0	MOTHER	1	-9	14.0	0.0	28.0	0.0	37.0	0.0	42.0	0.0	56.0	0.0	65.0	0.0
FAM_104_II	FATHER_1	0	0	1	-9	14.0	0.0	28.0	0.0	34.0	0.0	44.0	0.0	59.0	0.0	61.0	0.0
FAM_104_II	DAUGHTER_1	FATHER_1	MOTHER	2	-9	14.0	14.0	21.0	28.0	32.0	34.0	44.0	49.0	56.0	59.0	61.0	65.0
FAM_105_II	MOTHER	0	0	2	-9	11.0	13.0	24.0	26.0	34.0	34.0	42.0	44.0	53.0	54.0	64.0	65.0
FAM_105_II	SON_1	0	MOTHER	1	-9	11.0	0.0	26.0	0.0	33.0	0.0	44.0	0.0	53.0	0.0	65.0	0.0
FAM_105_II	FATHER_1	0	0	1	-9	16.0	0.0	29.0	0.0	37.0	0.0	43.0	0.0	54.0	0.0	65.0	0.0
FAM_105_II	DAUGHTER_1	FATHER_1	MOTHER	2	-9	13.0	16.0	24.0	29.0	34.0	37.0	42.0	43.0	54.0	54.0	64.0	65.0
FAM_106_II	MOTHER	0	0	2	-9	14.0	16.0	21.0	24.0	35.0	36.0	45.0	49.0	56.0	57.0	63.0	65.0
FAM_106_II	SON_1	0	MOTHER	1	-9	16.0	0.0	24.0	0.0	36.0	0.0	45.0	0.0	56.0	0.0	65.0	0.0
FAM_106_II	SON_2	0	MOTHER	1	-9	14.0	0.0	21.0	0.0	36.0	0.0	45.0	0.0	57.0	0.0	63.0	0.0
FAM_107_II	MOTHER	0	0	2	-9	18.0	18.0	27.0	29.0	34.0	39.0	46.0	46.0	56.0	59.0	64.0	65.0
FAM_107_II	SON_1	0	MOTHER	1	-9	18.0	0.0	29.0	0.0	39.0	0.0	46.0	0.0	59.0	0.0	65.0	0.0
FAM_107_II	FATHER_1	0	0	1	-9	11.0	0.0	22.0	0.0	38.0	0.0	44.0	0.0	59.0	0.0	68.0	0.0
FAM_107_II	DAUGHTER_1	FATHER_1	MOTHER	2	-9	11.0	18.0	22.0	27.0	38.0	39.0	44.0	46.0	59.0	59.0	65.0	68.0
FAM_108_II	MOTHER	0	0	2	-9	11.0	16.0	24.0	27.0	35.0	38.0	43.0	44.0	51.0	58.0	62.0	64.0
FAM_108_II	SON_1	0	MOTHER	1	-9	11.0	0.0	27.0	0.0	35.0	0.0	43.0	0.0	58.0	0.0	64.0	0.0
FAM_108_II	SON_2	0	MOTHER	1	-9	16.0	0.0	24.0	0.0	35.0	0.0	43.0	0.0	58.0	0.0	64.0	0.0
FAM_108_II	FATHER_1	0	0	1	-9	18.0	0.0	23.0	0.0	37.0	0.0	45.0	0.0	56.0	0.0	65.0	0.0
FAM_108_II	DAUGHTER_1	FATHER_1	MOTHER	2	-9	16.0	18.0	23.0	24.0	35.0	37.0	43.0	45.0	56.0	58.0	64.0	65.0
FAM_109_II	MOTHER	0	0	2	-9	14.0	14.0	25.0	26.0	32.0	37.0	45.0	48.0	56.0	57.0	61.0	61.0
FAM_109_II	SON_1	0	MOTHER	1	-9	14.0	0.0	26.0	0.0	37.0	0.0	48.0	0.0	57.0	0.0	61.0	0.0
FAM_109_II	FATHER_1	0	0	1	-9	17.0	0.0	22.0	0.0	35.0	0.0	49.0	0.0	51.0	0.0	61.0	0.0
FAM_109_II	DAUGHTER_1	FATHER_1	MOTHER	2	-9	14.0	17.0	22.0	26.0	32.0	35.0	45.0	49.0	51.0	56.0	61.0	61.0
FAM_110_II	MOTHER	0	0	2	-9	13.0	13.0	21.0	29.0	33.0	39.0	41.0	49.0	56.0	59.0	63.0	65.0
FAM_110_II	SON_1	0	MOTHER	1	-9	13.0	0.0	21.0	0.0	39.0	0.0	49.0	0.0	56.0	0.0	65.0	0.0
FAM_110_II	FATHER_1	0	0	1	-9	13.0	0.0	26.0	0.0	34.0	0.0	43.0	0.0	59.0	0.0	65.0	0.0
FAM_110_II	DAUGHTER_1	FATHER_1	MOTHER	2	-9	13.0	13.0	21.0	26.0	33.0	34.0	41.0	43.0	59.0	59.0	63.0	65.0
FAM_111_II	MOTHER	0	0	2	-9	15.0	16.0	21.0	29.0	31.0	37.0	41.0	41.0	52.0	59.0	65.0	69.0
FAM_111_II	SON_1	0	MOTHER	1	-9	16.0	0.0	21.0	0.0	31.0	0.0	41.0	0.0	52.0	0.0	69.0	0.0
FAM_111_II	FATHER_1	0	0	1	-9	13.0	0.0	26.0	0.0	38.0	0.0	49.0	0.0	56.0	0.0	67.0	0.0
FAM_111_II	DAUGHTER_1	FATHER_1	MOTHER	2	-9	13.0	16.0	21.0	26.0	31.0	39.0	41.0	49.0	52.0	56.0	67.0	69.0
FAM_112_II	MOTHER	0	0	2	-9	14.0	19.0	23.0	29.0	36.0	38.0	43.0	48.0	53.0	59.0	61.0	63.0
FAM_112_II	SON_1	0	MOTHER	1	-9	14.0	0.0	23.0	0.0	36.0	0.0	48.0	0.0	53.0	0.0	61.0	0.0
FAM_112_II	SON_2	0	MOTHER	1	-9	19.0	0.0	29.0	0.0	36.0	0.0	48.0	0.0	53.0	0.0	61.0	0.0
FAM_113_II	MOTHER	0	0	2	-9	14.0	18.0	21.0	25.0	35.0	35.0	44.0	45.0	51.0	58.0	65.0	66.0
FAM_113_II	FATHER_1	0	0	1	-9	19.0	0.0	24.0	0.0	32.0	0.0	47.0	0.0	54.0	0.0	63.0	0.0
FAM_113_II	DAUGHTER_1	FATHER_1	MOTHER	2	-9	14.0	19.0	24.0	25.0	32.0	35.0	45.0	47.0	51.0	54.0	63.0	65.0
FAM_113_II	FATHER_2	0	0	1	-9	11.0	0.0	24.0	0.0	31.0	0.0	42.0	0.0	51.0	0.0	63.0	0.0
FAM_113_II	DAUGHTER_2	FATHER_2	MOTHER	2	-9	11.0	14.0	24.0	25.0	31.0	35.0	42.0	45.0	51.0	58.0	63.0	66.0
FAM_114_II	MOTHER	0	0	2	-9	16.0	19.0	21.0	25.0	32.0	37.0	41.0	45.0	54.0	58.0	61.0	62.0
FAM_114_II	SON_1	0	MOTHER	1	-9	19.0	0.0	25.0	0.0	32.0	0.0	45.0	0.0	54.0	0.0	61.0	0.0
FAM_114_II	FATHER_1	0	0	1	-9	19.0	0.0	25.0	0.0	34.0	0.0	44.0	0.0	59.0	0.0	66.0	0.0
FAM_114_II	DAUGHTER_1	FATHER_1	MOTHER	2	-9	19.0	19.0	25.0	25.0	34.0	37.0	41.0	44.0	54.0	59.0	61.0	66.0
FAM_115_II	MOTHER	0	0	2	-9	11.0	11.0	23.0	29.0	31.0	38.0	44.0	49.0	58.0	59.0	62.0	67.0
FAM_115_II	SON_1	0	MOTHER	1	-9	11.0	0.0	29.0	0.0	38.0	0.0	44.0	0.0	59.0	0.0	62.0	0.0
FAM_115_II	SON_2	0	MOTHER	1	-9	11.0	0.0	23.0	0.0	38.0	0.0	44.0	0.0	59.0	0.0	62.0	0.0
FAM_115_II	FATHER_1	0	0	1	-9	11.0	0.0	27.0	0.0	33.0	0.0	49.0	0.0	53.0	0.0	61.0	0.0
FAM_115_II	DAUGHTER_1	FATHER_1	MOTHER	2	-9	11.0	11.0	23.0	27.0	33.0	38.0	44.0	49.0	53.0	59.0	61.0	62.0
FAM_115_II	FATHER_2	0	0	1	-9	14.0	0.0	24.0	0.0	32.0	0.0	48.0	0.0	55.0	0.0	69.0	0.0
FAM_115_II	DAUGHTER_2	FATHER_2	MOTHER	2	-9	11.0	14.0	23.0	24.0	32.0	38.0	44.0	48.0	55.0	58.0	67.0	69.0
FAM_116_II	MOTHER	0	0	2	-9	17.0	19.0	25.0	28.0	31.0	36.0	46.0	46.0	54.0	58.0	65.0	66.0
FAM_116_II	SON_1	0	MOTHER	1	-9	19.0	0.0	25.0	0.0	31.0	0.0	46.0	0.0	54.0	0.0	65.0	0.0
FAM_116_II	FATHER_1	0	0	1	-9	18.0	0.0	24.0	0.0	32.0	0.0	45.0	0.0	52.0	0.0	63.0	0.0
FAM_116_II	DAUGHTER_1	FATHER_1	MOTHER	2	-9	18.0	19.0	24.0	25.0	32.0	36.0	45.0	46.0	52.0	58.0	63.0	66.0
FAM_117_II	MOTHER	0	0	2	-9	12.0	15.0	23.0	28.0	33.0	34.0	43.0	44.0	51.0	51.0	61.0	66.0
FAM_117_II	SON_1	0	MOTHER	1	-9	15.0	0.0	23.0	0.0	34.0	0.0	44.0	0.0	51.0	0.0	66.0	0.0
FAM_117_II	FATHER_1	0	0	1	-9	13.0	0.0	21.0	0.0	35.0	0.0	42.0	0.0	51.0	0.0	63.0	0.0
FAM_117_II	DAUGHTER_1	FATHER_1	MOTHER	2	-9	13.0	15.0	21.0	23.0	34.0	35.0	42.0	44.0	51.0	51.0	63.0	66.0
FAM_118_II	MOTHER	0	0	2	-9	15.0	15.0	22.0	25.0	33.0	39.0	42.0	49.0	55.0	59.0	67.0	67.0
FAM_118_II	SON_1	0	MOTHER	1	-9	15.0	0.0	22.0	0.0	33.0	0.0	49.0	0.0	55.0	0.0	67.0	0.0
FAM_118_II	FATHER_1	0	0	1	-9	14.0	0.0	25.0	0.0	32.0	0.0	46.0	0.0	59.0	0.0	63.0	0.0
FAM_118_II	DAUGHTER_1	FATHER_1	MOTHER	2	-9	14.0	15.0	25.0	25.0	32.0	33.0	46.0	49.0	55.0	59.0	63.0	67.0
FAM_119_II	MOTHER	0	0	2	-9	11.0	11.0	27.0	29.0	34.0	38.0	45.0	47.0	55.0	59.0	68.0	68.0
FAM_119_II	SON_1	0	MOTHER	1	-9	11.0	0.0	29.0	0.0	38.0	0.0	47.0	0.0	55.0	0.0	68.0	0.0
FAM_119_II	FATHER_1	0	0	1	-9	13.0	0.0	21.0	0.0	36.0	0.0	43.0	0.0	52.0	0.0	69.0	0.0
FAM_119_II	DAUGHTER_1	FATHER_1	MOTHER	2	-9	11.0	13.0	21.0	27.0	36.0	38.0	43.0	47.0	52.0	59.0	68.0	69.0
FAM_120_II	MOTHER	0	0	2	-9	13.0	17.0	24.0	26.0	31.0	32.0	45.0	46.0	52.0	53.0	65.0	66.0
FAM_120_II	SON_1	0	MOTHER	1	-9	17.0	0.0	26.0	0.0	32.0	0.0	46.0	0.0	53.0	0.0	65.0	0.0
FAM_120_II	FATHER_1	0	0	1	-9	11.0	0.0	21.0	0.0	32.0	0.0	48.0	0.0	54.0	0.0	69.0	0.0
FAM_120_II	DAUGHTER_1	FATHER_1	MOTHER	2	-9	11.0	17.0	21.0	26.0	32.0	32.0	46.0	48.0	52.0	54.0	66.0	69.0
FAM_120_II	FATHER_2	0	0	1	-9	16.0	0.0	23.0	0.0	35.0	0.0	45.0	0.0	56.0	0.0	67.0	0.0
FAM_120_II	DAUGHTER_2	FATHER_2	MOTHER	2	-9	13.0	16.0	23.0	24.0	31.0	35.0	45.0	45.0	53.0	56.0	65.0	67.0
FAM_121_II	MOTHER	0	0	2	-9	13.0	17.0	22.0	29.0	33.0	34.0	41.0	47.0	51.0	53.0	61.0	67.0
FAM_121_II	SON_1	0	MOTHER	1	-9	17.0	0.0	29.0	0.0	34.0	0.0	41.0	0.0	51.0	0.0	67.0	0.0
FAM_121_II	FATHER_1	0	0	1	-9	14.0	0.0	25.0	0.0	33.0	0.0	45.0	0.0	56.0	0.0	63.0	0.0
FAM_121_II	DAUGHTER_1	FATHER_1	MOTHER	2	-9	13.0	14.0	22.0	25.0	33.0	34.0	41.0	45.0	53.0	56.0	61.0	63.0
FAM_122_II	MOTHER	0	0	2	-9	14.0	15.0	29.0	29.0	31.0	31.0	41.0	41.0	53.0	58.0	64.0	69.0
FAM_122_II	SON_1	0	MOTHER	1	-9	14.0	0.0	29.0	0.0	31.0	0.0	41.0	0.0	53.0	0.0	69.0	0.0
FAM_122_II	FATHER_1	0	0	1	-9	18.0	0.0	25.0	0.0	32.0	0.0	41.0	0.0	53.0	0.0	64.0	0.0
FAM_122_II	DAUGHTER_1	FATHER_1	MOTHER	2	-9	15.0	18.0	25.0	29.0	31.0	32.0	41.0	41.0	53.0	53.0	64.0	69.0
FAM_123_II	MOTHER	0	0	2	-9	12.0	13.0	21.0	26.0	32.0	35.0	42.0	43.0	54.0	56.0	65.0	65.0
FAM_123_II	SON_1	0	MOTHER	1	-9	13.0	0.0	26.0	0.0	32.0	0.0	42.0	0.0	56.0	0.0	65.0	0.0
FAM_123_II	SON_2	0	MOTHER	1	-9	13.0	0.0	26.0	0.0	32.0	0.0	42.0	0.0	56.0	0.0	65.0	0.0
FAM_123_II	FATHER_1	0	0	1	-9	19.0	0.0	24.0	0.0	35.0	0.0	41.0	0.0	59.0	0.0	61.0	0.0
FAM_123_II	DAUGHTER_1	FATHER_1	MOTHER	2	-9	12.0	19.0	21.0	24.0	32.0	35.0	41.0	42.0	54.0	59.0	61.0	65.0
FAM_123_II	FATHER_2	0	0	1	-9	19.0	0.0	24.0	0.0	39.0	0.0	41.0	0.0	56.0	0.0	67.0	0.0
FAM_123_II	DAUGHTER_2	FATHER_2	MOTHER	2	-9	12.0	19.0	21.0	24.0	32.0	39.0	41.0	42.0	56.0	56.0	65.0	67.0
FAM_123_II	FATHER_3	0	0	1	-9	19.0	0.0	27.0	0.0	34.0	0.0	43.0	0.0	54.0	0.0	69.0	0.0
FAM_123_II	DAUGHTER_3	FATHER_3	MOTHER	2	-9	12.0	19.0	21.0	27.0	34.0	35.0	43.0	43.0	54.0	56.0	65.0	69.0
FAM_124_II	MOTHER	0	0	2	-9	11.0	19.0	24.0	28.0	35.0	35.0	41.0	45.0	53.0	56.0	63.0	67.0
FAM_124_II	FATHER_1	0	0	1	-9	15.0	0.0	26.0	0.0	37.0	0.0	42.0	0.0	53.0	0.0	62.0	0.0
FAM_124_II	DAUGHTER_1	FATHER_1	MOTHER	2	-9	15.0	19.0	26.0	28.0	35.0	37.0	42.0	45.0	53.0	56.0	62.0	67.0
FAM_124_II	FATHER_2	0	0	1	-9	15.0	0.0	29.0	0.0	39.0	0.0	46.0	0.0	52.0	0.0	65.0	0.0
FAM_124_II	DAUGHTER_2	FATHER_2	MOTHER	2	-9	11.0	15.0	24.0	29.0	35.0	39.0	41.0	46.0	52.0	53.0	63.0	65.0
FAM_125_II	MOTHER	0	0	2	-9	12.0	15.0	24.0	27.0	34.0	39.0	44.0	45.0	53.0	55.0	64.0	66.0
FAM_125_II	FATHER_1	0	0	1	-9	14.0	0.0	29.0	0.0	36.0	0.0	49.0	0.0	57.0	0.0	63.0	0.0
FAM_125_II	DAUGHTER_1	FATHER_1	MOTHER	2	-9	14.0	15.0	27.0	29.0	34.0	36.0	45.0	49.0	55.0	57.0	63.0	66.0
FAM_125_II	FATHER_2	0	0	1	-9	11.0	0.0	23.0	0.0	38.0	0.0	42.0	0.0	56.0	0.0	69.0	0.0
FAM_125_II	DAUGHTER_2	FATHER_2	MOTHER	2	-9	11.0	12.0	23.0	27.0	34.0	38.0	42.0	45.0	53.0	56.0	64.0	69.0
FAM_126_II	MOTHER	0	0	2	-9	14.0	17.0	24.0	25.0	33.0	39.0	43.0	46.0	53.0	58.0	61.0	65.0
FAM_126_II	SON_1	0	MOTHER	1	-9	14.0	0.0	24.0	0.0	39.0	0.0	46.0	0.0	53.0	0.0	65.0	0.0
FAM_126_II	SON_2	0	MOTHER	1	-9	14.0	0.0	24.0	0.0	33.0	0.0	43.0	0.0	53.0	0.0	65.0	0.0
FAM_127_II	MOTHER	0	0	2	-9	17.0	18.0	21.0	22.0	37.0	38.0	42.0	46.0	56.0	56.0	61.0	66.0
FAM_127_II	SON_1	0	MOTHER	1	-9	17.0	0.0	21.0	0.0	37.0	0.0	42.0	0.0	56.0	0.0	61.0	0.0
FAM_127_II	SON_2	0	MOTHER	1	-9	17.0	0.0	21.0	0.0	37.0	0.0	42.0	0.0	56.0	0.0	61.0	0.0
FAM_127_II	FATHER_1	0	0	1	-9	14.0	0.0	29.0	0.0	31.0	0.0	44.0	0.0	52.0	0.0	65.0	0.0
FAM_127_II	DAUGHTER_1	FATHER_1	MOTHER	2	-9	14.0	18.0	22.0	29.0	31.0	38.0	44.0	46.0	52.0	56.0	61.0	65.0
FAM_128_II	MOTHER	0	0	2	-9	14.0	15.0	21.0	27.0	32.0	38.0	41.0	42.0	57.0	59.0	61.0	63.0
FAM_128_II	SON_1	0	MOTHER	1	-9	14.0	0.0	27.0	0.0	38.0	0.0	41.0	0.0	57.0	0.0	63.0	0.0
FAM_128_II	FATHER_1	0	0	1	-9	19.0	0.0	27.0	0.0	36.0	0.0	42.0	0.0	51.0	0.0	66.0	0.0
FAM_128_II	DAUGHTER_1	FATHER_1	MOTHER	2	-9	15.0	19.0	21.0	27.0	32.0	36.0	42.0	42.0	51.0	59.0	61.0	66.0
FAM_129_II	MOTHER	0	0	2	-9	13.0	17.0	26.0	29.0	37.0	38.0	45.0	45.0	53.0	57.0	65.0	68.0
FAM_129_II	FATHER_1	0	0	1	-9	14.0	0.0	24.0	0.0	35.0	0.0	46.0	0.0	54.0	0.0	69.0	0.0
FAM_129_II	DAUGHTER_1	FATHER_1	MOTHER	2	-9	13.0	14.0	24.0	26.0	35.0	38.0	45.0	46.0	54.0	57.0	65.0	69.0
FAM_129_II	FATHER_2	0	0	1	-9	18.0	0.0	24.0	0.0	36.0	0.0	45.0	0.0	56.0	0.0	64.0	0.0
FAM_129_II	DAUGHTER_2	FATHER_2	MOTHER	2	-9	17.0	18.0	24.0	29.0	36.0	38.0	45.0	45.0	53.0	56.0	64.0	68.0
FAM_130_II	MOTHER	0	0	2	-9	19.0	19.0	23.0	25.0	33.0	35.0	41.0	43.0	52.0	57.0	63.0	69.0
FAM_130_II	SON_1	0	MOTHER	1	-9	19.0	0.0	25.0	0.0	33.0	0.0	41.0	0.0	52.0	0.0	69.0	0.0
FAM_130_II	SON_2	0	MOTHER	1	-9	19.0	0.0	25.0	0.0	35.0	0.0	43.0	0.0	57.0	0.0	69.0	0.0
FAM_130_II	FATHER_1	0	0	1	-9	14.0	0.0	21.0	0.0	31.0	0.0	44.0	0.0	51.0	0.0	69.0	0.0
FAM_130_II	DAUGHTER_1	FATHER_1	MOTHER	2	-9	14.0	19.0	21.0	23.0	31.0	35.0	43.0	44.0	51.0	57.0	69.0	69.0
FAM_131_II	MOTHER	0	0	2	-9	14.0	16.0	22.0	29.0	33.0	33.0	46.0	47.0	58.0	59.0	62.0	67.0
FAM_131_II	SON_1	0	MOTHER	1	-9	14.0	0.0	29.0	0.0	33.0	0.0	46.0	0.0	58.0	0.0	67.0	0.0
FAM_131_II	FATHER_1	0	0	1	-9	11.0	0.0	24.0	0.0	32.0	0.0	46.0	0.0	55.0	0.0	67.0	0.0
FAM_131_II	DAUGHTER_1	FATHER_1	MOTHER	2	-9	11.0	14.0	24.0	29.0	32.0	33.0	46.0	46.0	55.0	58.0	67.0	67.0
FAM_132_II	MOTHER	0	0	2	-9	14.0	14.0	21.0	27.0	35.0	37.0	42.0	43.0	51.0	53.0	64.0	64.0
FAM_132_II	FATHER_1	0	0	1	-9	16.0	0.0	23.0	0.0	32.0	0.0	42.0	0.0	57.0	0.0	67.0	0.0
FAM_132_II	DAUGHTER_1	FATHER_1	MOTHER	2	-9	14.0	16.0	23.0	27.0	32.0	35.0	42.0	42.0	53.0	57.0	64.0	67.0
FAM_132_II	FATHER_2	0	0	1	-9	15.0	0.0	26.0	0.0	31.0	0.0	45.0	0.0	51.0	0.0	63.0	0.0
FAM_132_II	DAUGHTER_2	FATHER_2	MOTHER	2	-9	14.0	15.0	21.0	26.0	31.0	35.0	42.0	45.0	51.0	51.0	63.0	64.0
FAM_133_II	MOTHER	0	0	2	-9	17.0	19.0	21.0	28.0	31.0	38.0	45.0	48.0	51.0	54.0	63.0	67.0
FAM_133_II	SON_1	0	MOTHER	1	-9	17.0	0.0	21.0	0.0	38.0	0.0	45.0	0.0	54.0	0.0	63.0	0.0
FAM_133_II	FATHER_1	0	0	1	-9	16.0	0.0	25.0	0.0	35.0	0.0	49.0	0.0	56.0	0.0	62.0	0.0
FAM_133_II	DAUGHTER_1	FATHER_1	MOTHER	2	-9	16.0	19.0	25.0	28.0	35.0	38.0	45.0	49.0	54.0	56.0	62.0	63.0
FAM_133_II	FATHER_2	0	0	1	-9	14.0	0.0	22.0	0.0	31.0	0.0	41.0	0.0	51.0	0.0	69.0	0.0
FAM_133_II	DAUGHTER_2	FATHER_2	MOTHER	2	-9	14.0	17.0	21.0	22.0	31.0	38.0	41.0	45.0	51.0	54.0	63.0	69.0
FAM_134_II	MOTHER	0	0	2	-9	11.0	16.0	23.0	28.0	37.0	37.0	44.0	45.0	53.0	56.0	62.0	67.0
FAM_134_II	SON_1	0	MOTHER	1	-9	16.0	0.0	28.0	0.0	37.0	0.0	44.0	0.0	56.0	0.0	67.0	0.0
FAM_134_II	SON_2	0	MOTHER	1	-9	16.0	0.0	28.0	0.0	37.0	0.0	45.0	0.0	53.0	0.0	62.0	0.0
FAM_135_II	MOTHER	0	0	2	-9	15.0	19.0	25.0	27.0	35.0	37.0	41.0	48.0	55.0	58.0	64.0	69.0
FAM_135_II	SON_1	0	MOTHER	1	-9	19.0	0.0	27.0	0.0	37.0	0.0	41.0	0.0	58.0	0.0	64.0	0.0
FAM_135_II	SON_2	0	MOTHER	1	-9	19.0	0.0	27.0	0.0	37.0	0.0	41.0	0.0	58.0	0.0	64.0	0.0
FAM_135_II	SON_3	0	MOTHER	1	-9	19.0	0.0	27.0	0.0	35.0	0.0	48.0	0.0	58.0	0.0	64.0	0.0
FAM_135_II	FATHER_1	0	0	1	-9	17.0	0.0	26.0	0.0	34.0	0.0	48.0	0.0	59.0	0.0	62.0	0.0
FAM_135_II	DAUGHTER_1	FATHER_1	MOTHER	2	-9	17.0	19.0	26.0	27.0	34.0	37.0	41.0	48.0	58.0	59.0	62.0	64.0
FAM_136_II	MOTHER	0	0	2	-9	13.0	14.0	24.0	29.0	37.0	39.0	45.0	48.0	52.0	59.0	61.0	66.0
FAM_136_II	SON_1	0	MOTHER	1	-9	13.0	0.0	29.0	0.0	37.0	0.0	48.0	0.0	59.0	0.0	61.0	0.0
FAM_136_II	SON_2	0	MOTHER	1	-9	13.0	0.0	29.0	0.0	37.0	0.0	48.0	0.0	59.0	0.0	61.0	0.0
FAM_136_II	SON_3	0	MOTHER	1	-9	14.0	0.0	24.0	0.0	37.0	0.0	48.0	0.0	59.0	0.0	61.0	0.0
FAM_136_II	FATHER_1	0	0	1	-9	13.0	0.0	25.0	0.0	33.0	0.0	44.0	0.0	55.0	0.0	69.0	0.0
FAM_136_II	DAUGHTER_1	FATHER_1	MOTHER	2	-9	13.0	14.0	24.0	25.0	33.0	39.0	44.0	45.0	52.0	55.0	66.0	69.0
FAM_137_II	MOTHER	0	0	2	-9	16.0	16.0	23.0	25.0	32.0	33.0	41.0	44.0	52.0	52.0	61.0	62.0
FAM_137_II	FATHER_1	0	0	1	-9	19.0	0.0	21.0	0.0	31.0	0.0	48.0	0.0	52.0	0.0	65.0	0.0
FAM_137_II	DAUGHTER_1	FATHER_1	MOTHER	2	-9	16.0	19.0	21.0	23.0	31.0	32.0	41.0	48.0	52.0	52.0	62.0	65.0
FAM_137_II	FATHER_2	0	0	1	-9	16.0	0.0	26.0	0.0	36.0	0.0	43.0	0.0	55.0	0.0	61.0	0.0
FAM_137_II	DAUGHTER_2	FATHER_2	MOTHER	2	-9	16.0	16.0	25.0	26.0	32.0	36.0	41.0	43.0	52.0	55.0	61.0	61.0
FAM_138_II	MOTHER	0	0	2	-9	16.0	16.0	24.0	27.0	37.0	37.0	41.0	44.0	53.0	58.0	61.0	63.0
FAM_138_II	FATHER_1	0	0	1	-9	16.0	0.0	23.0	0.0	38.0	0.0	42.0	0.0	52.0	0.0	65.0	0.0
FAM_138_II	DAUGHTER_1	FATHER_1	MOTHER	2	-9	16.0	16.0	23.0	27.0	37.0	38.0	42.0	44.0	52.0	58.0	63.0	65.0
FAM_138_II	FATHER_2	0	0	1	-9	16.0	0.0	21.0	0.0	33.0	0.0	41.0	0.0	56.0	0.0	69.0	0.0
FAM_138_II	DAUGHTER_2	FATHER_2	MOTHER	2	-9	16.0	16.0	21.0	24.0	33.0	37.0	41.0	41.0	53.0	56.0	61.0	69.0
FAM_139_II	MOTHER	0	0	2	-9	12.0	14.0	26.0	28.0	34.0	34.0	43.0	44.0	51.0	55.0	61.0	65.0
FAM_139_II	SON_1	0	MOTHER	1	-9	12.0	0.0	26.0	0.0	34.0	0.0	44.0	0.0	55.0	0.0	65.0	0.0
FAM_139_II	FATHER_1	0	0	1	-9	11.0	0.0	27.0	0.0	36.0	0.0	41.0	0.0	51.0	0.0	65.0	0.0
FAM_139_II	DAUGHTER_1	FATHER_1	MOTHER	2	-9	11.0	14.0	26.0	27.0	34.0	36.0	41.0	44.0	51.0	55.0	65.0	65.0
FAM_140_II	MOTHER	0	0	2	-9	15.0	19.0	24.0	29.0	33.0	38.0	47.0	49.0	51.0	52.0	69.0	69.0
FAM_140_II	SON_1	0	MOTHER	1	-9	15.0	0.0	29.0	0.0	38.0	0.0	47.0	0.0	52.0	0.0	69.0	0.0
FAM_140_II	SON_2	0	MOTHER	1	-9	19.0	0.0	24.0	0.0	33.0	0.0	49.0	0.0	51.0	0.0	69.0	0.0
FAM_140_II	FATHER_1	0	0	1	-9	14.0	0.0	29.0	0.0	36.0	0.0	48.0	0.0	53.0	0.0	68.0	0.0
FAM_140_II	DAUGHTER_1	FATHER_1	MOTHER	2	-9	14.0	15.0	29.0	29.0	33.0	36.0	48.0	49.0	51.0	53.0	68.0	69.0
FAM_140_II	FATHER_2	0	0	1	-9	14.0	0.0	29.0	0.0	35.0	0.0	49.0	0.0	56.0	0.0	67.0	0.0
FAM_140_II	DAUGHTER_2	FATHER_2	MOTHER	2	-9	14.0	15.0	29.0	29.0	33.0	35.0	49.0	49.0	51.0	56.0	67.0	69.0
FAM_141_II	MOTHER	0	0	2	-9	13.0	17.0	22.0	28.0	36.0	39.0	43.0	44.0	51.0	58.0	64.0	65.0
FAM_141_II	FATHER_1	0	0	1	-9	17.0	0.0	28.0	0.0	37.0	0.0	41.0	0.0	59.0	0.0	61.0	0.0
FAM_141_II	DAUGHTER_1	FATHER_1	MOTHER	2	-9	13.0	17.0	28.0	28.0	36.0	37.0	41.0	44.0	51.0	59.0	61.0	65.0
FAM_141_II	FATHER_2	0	0	1	-9	17.0	0.0	22.0	0.0	34.0	0.0	47.0	0.0	59.0	0.0	66.0	0.0
FAM_141_II	DAUGHTER_2	FATHER_2	MOTHER	2	-9	13.0	17.0	22.0	28.0	34.0	39.0	43.0	47.0	58.0	59.0	64.0	66.0
FAM_142_II	MOTHER	0	0	2	-9	11.0	19.0	25.0	27.0	35.0	39.0	41.0	48.0	51.0	57.0	61.0	67.0
FAM_142_II	SON_1	0	MOTHER	1	-9	11.0	0.0	27.0	0.0	39.0	0.0	48.0	0.0	51.0	0.0	67.0	0.0
FAM_142_II	SON_2	0	MOTHER	1	-9	19.0	0.0	25.0	0.0	35.0	0.0	41.0	0.0	57.0	0.0	61.0	0.0
FAM_143_II	MOTHER	0	0	2	-9	13.0	16.0	23.0	25.0	34.0	39.0	41.0	47.0	52.0	59.0	64.0	69.0
FAM_143_II	SON_1	0	MOTHER	1	-9	16.0	0.0	25.0	0.0	34.0	0.0	47.0	0.0	52.0	0.0	69.0	0.0
FAM_143_II	FATHER_1	0	0	1	-9	19.0	0.0	27.0	0.0	37.0	0.0	46.0	0.0	54.0	0.0	65.0	0.0
FAM_143_II	DAUGHTER_1	FATHER_1	MOTHER	2	-9	16.0	19.0	25.0	27.0	37.0	39.0	41.0	46.0	54.0	59.0	64.0	65.0
FAM_144_II	MOTHER	0	0	2	-9	14.0	15.0	23.0	27.0	38.0	39.0	46.0	46.0	55.0	57.0	61.0	65.0
FAM_144_II	SON_1	0	MOTHER	1	-9	15.0	0.0	27.0	0.0	39.0	0.0	46.0	0.0	55.0	0.0	61.0	0.0
FAM_144_II	FATHER_1	0	0	1	-9	17.0	0.0	29.0	0.0	33.0	0.0	49.0	0.0	54.0	0.0	62.0	0.0
FAM_144_II	DAUGHTER_1	FATHER_1	MOTHER	2	-9	14.0	17.0	23.0	29.0	33.0	38.0	46.0	49.0	54.0	55.0	61.0	62.0
FAM_145_II	MOTHER	0	0	2	-9	12.0	17.0	24.0	25.0	32.0	39.0	46.0	47.0	53.0	54.0	63.0	65.0
FAM_145_II	FATHER_1	0	0	1	-9	17.0	0.0	22.0	0.0	36.0	0.0	46.0	0.0	56.0	0.0	69.0	0.0
FAM_145_II	DAUGHTER_1	FATHER_1	MOTHER	2	-9	17.0	17.0	22.0	24.0	32.0	36.0	46.0	47.0	53.0	56.0	63.0	69.0
FAM_145_II	FATHER_2	0	0	1	-9	11.0	0.0	26.0	0.0	35.0	0.0	44.0	0.0	52.0	0.0	69.0	0.0
FAM_145_II	DAUGHTER_2	FATHER_2	MOTHER	2	-9	11.0	12.0	25.0	26.0	32.0	35.0	44.0	47.0	52.0	53.0	63.0	69.0
FAM_146_II	MOTHER	0	0	2	-9	11.0	18.0	27.0	29.0	32.0	33.0	46.0	47.0	54.0	55.0	66.0	69.0
FAM_146_II	SON_1	0	MOTHER	1	-9	18.0	0.0	29.0	0.0	33.0	0.0	47.0	0.0	55.0	0.0	66.0	0.0
FAM_146_II	SON_2	0	MOTHER	1	-9	11.0	0.0	27.0	0.0	32.0	0.0	46.0	0.0	54.0	0.0	69.0	0.0
FAM_147_II	MOTHER	0	0	2	-9	12.0	14.0	23.0	28.0	36.0	37.0	47.0	49.0	51.0	53.0	64.0	67.0
FAM_147_II	SON_1	0	MOTHER	1	-9	14.0	0.0	23.0	0.0	37.0	0.0	49.0	0.0	53.0	0.0	64.0	0.0
FAM_147_II	SON_2	0	MOTHER	1	-9	12.0	0.0	28.0	0.0	37.0	0.0	49.0	0.0	53.0	0.0	64.0	0.0
FAM_148_II	MOTHER	0	0	2	-9	14.0	17.0	26.0	26.0	35.0	36.0	42.0	44.0	57.0	59.0	62.0	62.0
FAM_148_II	SON_1	0	MOTHER	1	-9	14.0	0.0	26.0	0.0	35.0	0.0	42.0	0.0	57.0	0.0	62.0	0.0
FAM_148_II	FATHER_1	0	0	1	-9	14.0	0.0	27.0	0.0	31.0	0.0	41.0	0.0	55.0	0.0	61.0	0.0
FAM_148_II	DAUGHTER_1	FATHER_1	MOTHER	2	-9	14.0	17.0	26.0	27.0	31.0	35.0	41.0	42.0	55.0	57.0	61.0	62.0
FAM_149_II	MOTHER	0	0	2	-9	12.0	14.0	24.0	26.0	31.0	36.0	44.0	46.0	55.0	55.0	61.0	69.0
FAM_149_II	FATHER_1	0	0	1	-9	18.0	0.0	21.0	0.0	38.0	0.0	45.0	0.0	57.0	0.0	63.0	0.0
FAM_149_II	DAUGHTER_1	FATHER_1	MOTHER	2	-9	12.0	18.0	21.0	26.0	36.0	38.0	44.0	45.0	55.0	57.0	63.0	69.0
FAM_149_II	FATHER_2	0	0	1	-9	18.0	0.0	24.0	0.0	37.0	0.0	45.0	0.0	51.0	0.0	63.0	0.0
FAM_149_II	DAUGHTER_2	FATHER_2	MOTHER	2	-9	12.0	18.0	24.0	26.0	36.0	37.0	44.0	45.0	51.0	55.0	63.0	69.0
FAM_150_II	MOTHER	0	0	2	-9	11.0	16.0	21.0	29.0	32.0	34.0	41.0	44.0	55.0	59.0	64.0	67.0
FAM_150_II	FATHER_1	0	0	1	-9	13.0	0.0	25.0	0.0	34.0	0.0	49.0	0.0	58.0	0.0	61.0	0.0
FAM_150_II	DAUGHTER_1	FATHER_1	MOTHER	2	-9	11.0	13.0	21.0	25.0	34.0	34.0	41.0	49.0	55.0	58.0	61.0	64.0
FAM_150_II	FATHER_2	0	0	1	-9	12.0	0.0	23.0	0.0	31.0	0.0	42.0	0.0	57.0	0.0	67.0	0.0
FAM_150_II	DAUGHTER_2	FATHER_2	MOTHER	2	-9	12.0	16.0	23.0	29.0	31.0	34.0	41.0	42.0	57.0	59.0	67.0	67.0
FAM_151_II	MOTHER	0	0	2	-9	11.0	17.0	24.0	29.0	34.0	39.0	48.0	49.0	51.0	52.0	66.0	67.0
FAM_151_II	SON_1	0	MOTHER	1	-9	17.0	0.0	24.0	0.0	34.0	0.0	48.0	0.0	52.0	0.0	67.0	0.0
FAM_151_II	FATHER_1	0	0	1	-9	18.0	0.0	21.0	0.0	38.0	0.0	47.0	0.0	52.0	0.0	69.0	0.0
FAM_151_II	DAUGHTER_1	FATHER_1	MOTHER	2	-9	17.0	18.0	21.0	24.0	34.0	38.0	47.0	48.0	52.0	52.0	67.0	69.0
FAM_152_II	MOTHER	0	0	2	-9	15.0	19.0	29.0	29.0	32.0	37.0	41.0	47.0	51.0	59.0	65.0	69.0
FAM_152_II	SON_1	0	MOTHER	1	-9	19.0	0.0	29.0	0.0	37.0	0.0	47.0	0.0	59.0	0.0	65.0	0.0
FAM_152_II	FATHER_1	0	0	1	-9	17.0	0.0	24.0	0.0	37.0	0.0	42.0	0.0	51.0	0.0	65.0	0.0
FAM_152_II	DAUGHTER_1	FATHER_1	MOTHER	2	-9	17.0	19.0	24.0	29.0	37.0	37.0	42.0	47.0	51.0	59.0	65.0	65.0
FAM_153_II	MOTHER	0	0	2	-9	12.0	15.0	21.0	24.0	32.0	39.0	42.0	49.0	59.0	59.0	63.0	67.0
FAM_153_II	SON_1	0	MOTHER	1	-9	15.0	0.0	24.0	0.0	39.0	0.0	49.0	0.0	59.0	0.0	63.0	0.0
FAM_153_II	SON_2	0	MOTHER	1	-9	15.0	0.0	24.0	0.0	32.0	0.0	42.0	0.0	59.0	0.0	67.0	0.0
FAM_153_II	SON_3	0	MOTHER	1	-9	12.0	0.0	21.0	0.0	32.0	0.0	42.0	0.0	59.0	0.0	63.0	0.0
FAM_153_II	FATHER_1	0	0	1	-9	16.0	0.0	21.0	0.0	39.0	0.0	45.0	0.0	57.0	0.0	63.0	0.0
FAM_153_II	DAUGHTER_1	FATHER_1	MOTHER	2	-9	15.0	16.0	21.0	24.0	32.0	39.0	42.0	45.0	57.0	59.0	63.0	67.0
FAM_154_II	MOTHER	0	0	2	-9	14.0	14.0	23.0	24.0	32.0	35.0	41.0	45.0	52.0	56.0	61.0	63.0
FAM_154_II	SON_1	0	MOTHER	1	-9	14.0	0.0	24.0	0.0	35.0	0.0	45.0	0.0	52.0	0.0	61.0	0.0
FAM_154_II	FATHER_1	0	0	1	-9	18.0	0.0	21.0	0.0	35.0	0.0	47.0	0.0	55.0	0.0	69.0	0.0
FAM_154_II	DAUGHTER_1	FATHER_1	MOTHER	2	-9	14.0	18.0	21.0	23.0	32.0	35.0	41.0	47.0	55.0	56.0	63.0	69.0
FAM_155_II	MOTHER	0	0	2	-9	13.0	14.0	21.0	24.0	35.0	39.0	45.0	48.0	55.0	59.0	68.0	69.0
FAM_155_II	FATHER_1	0	0	1	-9	19.0	0.0	26.0	0.0	37.0	0.0	48.0	0.0	58.0	0.0	66.0	0.0
FAM_155_II	DAUGHTER_1	FATHER_1	MOTHER	2	-9	14.0	19.0	21.0	26.0	37.0	39.0	45.0	48.0	55.0	58.0	66.0	69.0
FAM_155_II	FATHER_2	0	0	1	-9	13.0	0.0	26.0	0.0	33.0	0.0	46.0	0.0	54.0	0.0	63.0	0.0
FAM_155_II	DAUGHTER_2	FATHER_2	MOTHER	2	-9	13.0	14.0	21.0	26.0	33.0	35.0	46.0	48.0	54.0	59.0	63.0	68.0
FAM_156_II	MOTHER	0	0	2	-9	15.0	16.0	21.0	28.0	37.0	39.0	44.0	49.0	55.0	55.0	67.0	69.0
FAM_156_II	FATHER_1	0	0	1	-9	14.0	0.0	25.0	0.0	35.0	0.0	45.0	0.0	57.0	0.0	63.0	0.0
FAM_156_II	DAUGHTER_1	FATHER_1	MOTHER	2	-9	14.0	15.0	21.0	25.0	35.0	39.0	44.0	45.0	55.0	57.0	63.0	67.0
FAM_156_II	FATHER_2	0	0	1	-9	15.0	0.0	25.0	0.0	38.0	0.0	49.0	0.0	51.0	0.0	67.0	0.0
FAM_156_II	DAUGHTER_2	FATHER_2	MOTHER	2	-9	15.0	15.0	21.0	25.0	38.0	39.0	44.0	49.0	51.0	55.0	67.0	67.0
FAM_157_II	MOTHER	0	0	2	-9	11.0	11.0	27.0	28.0	34.0	36.0	46.0	47.0	55.0	56.0	66.0	69.0
FAM_157_II	SON_1	0	MOTHER	1	-9	11.0	0.0	28.0	0.0	36.0	0.0	47.0	0.0	55.0	0.0	69.0	0.0
FAM_157_II	SON_2	0	MOTHER	1	-9	11.0	0.0	28.0	0.0	34.0	0.0	46.0	0.0	56.0	0.0	66.0	0.0
FAM_157_II	SON_3	0	MOTHER	1	-9	11.0	0.0	28.0	0.0	36.0	0.0	47.0	0.0	55.0	0.0	69.0	0.0
FAM_157_II	FATHER_1	0	0	1	-9	16.0	0.0	22.0	0.0	34.0	0.0	49.0	0.0	51.0	0.0	61.0	0.0
FAM_157_II	DAUGHTER_1	FATHER_1	MOTHER	2	-9	11.0	16.0	22.0	27.0	34.0	36.0	47.0	49.0	51.0	55.0	61.0	69.0
FAM_158_II	MOTHER	0	0	2	-9	12.0	13.0	22.0	26.0	33.0	35.0	45.0	47.0	54.0	59.0	68.0	68.0
FAM_158_II	SON_1	0	MOTHER	1	-9	12.0	0.0	22.0	0.0	33.0	0.0	47.0	0.0	54.0	0.0	68.0	0.0
FAM_158_II	FATHER_1	0	0	1	-9	12.0	0.0	25.0	0.0	33.0	0.0	48.0	0.0	59.0	0.0	66.0	0.0
FAM_158_II	DAUGHTER_1	FATHER_1	MOTHER	2	-9	12.0	12.0	22.0	25.0	33.0	33.0	45.0	48.0	54.0	59.0	66.0	68.0
FAM_159_II	MOTHER	0	0	2	-9	17.0	17.0	25.0	28.0	33.0	33.0	44.0	48.0	55.0	58.0	66.0	69.0
FAM_159_II	SON_1	0	MOTHER	1	-9	17.0	0.0	28.0	0.0	33.0	0.0	44.0	0.0	58.0	0.0	69.0	0.0
FAM_159_II	SON_2	0	MOTHER	1	-9	17.0	0.0	28.0	0.0	33.0	0.0	48.0	0.0	58.0	0.0	69.0	0.0
FAM_160_II	MOTHER	0	0	2	-9	17.0	19.0	21.0	25.0	33.0	34.0	44.0	47.0	57.0	57.0	67.0	69.0
FAM_160_II	SON_1	0	MOTHER	1	-9	17.0	0.0	25.0	0.0	33.0	0.0	44.0	0.0	57.0	0.0	67.0	0.0
FAM_160_II	FATHER_1	0	0	1	-9	12.0	0.0	24.0	0.0	32.0	0.0	43.0	0.0	54.0	0.0	64.0	0.0
FAM_160_II	DAUGHTER_1	FATHER_1	MOTHER	2	-9	12.0	17.0	24.0	25.0	32.0	34.0	43.0	47.0	54.0	57.0	64.0	67.0
FAM_161_II	MOTHER	0	0	2	-9	14.0	17.0	21.0	28.0	34.0	38.0	42.0	49.0	57.0	58.0	62.0	64.0
FAM_161_II	SON_1	0	MOTHER	1	-9	14.0	0.0	28.0	0.0	34.0	0.0	49.0	0.0	58.0	0.0	64.0	0.0
FAM_161_II	FATHER_1	0	0	1	-9	14.0	0.0	26.0	0.0	33.0	0.0	41.0	0.0	55.0	0.0	64.0	0.0
FAM_161_II	DAUGHTER_1	FATHER_1	MOTHER	2	-9	14.0	14.0	26.0	28.0	33.0	34.0	41.0	49.0	55.0	58.0	64.0	64.0
FAM_162_II	MOTHER	0	0	2	-9	12.0	15.0	21.0	23.0	33.0	39.0	48.0	49.0	51.0	59.0	68.0	69.0
FAM_162_II	SON_1	0	MOTHER	1	-9	12.0	0.0	21.0	0.0	39.0	0.0	49.0	0.0	59.0	0.0	69.0	0.0
FAM_162_II	FATHER_1	0	0	1	-9	12.0	0.0	27.0	0.0	31.0	0.0	43.0	0.0	55.0	0.0	65.0	0.0
FAM_162_II	DAUGHTER_1	FATHER_1	MOTHER	2	-9	12.0	12.0	21.0	27.0	31.0	33.0	43.0	48.0	51.0	55.0	65.0	68.0
FAM_163_II	MOTHER	0	0	2	-9	15.0	16.0	24.0	25.0	31.0	31.0	43.0	45.0	52.0	57.0	66.0	66.0
FAM_163_II	SON_1	0	MOTHER	1	-9	16.0	0.0	24.0	0.0	31.0	0.0	43.0	0.0	52.0	0.0	66.0	0.0
FAM_163_II	FATHER_1	0	0	1	-9	14.0	0.0	21.0	0.0	35.0	0.0	45.0	0.0	54.0	0.0	62.0	0.0
FAM_163_II	DAUGHTER_1	FATHER_1	MOTHER	2	-9	14.0	16.0	21.0	24.0	31.0	35.0	43.0	45.0	52.0	54.0	62.0	66.0
FAM_164_II	MOTHER	0	0	2	-9	16.0	19.0	27.0	29.0	33.0	39.0	43.0	45.0	51.0	51.0	63.0	65.0
FAM_164_II	SON_1	0	MOTHER	1	-9	16.0	0.0	27.0	0.0	39.0	0.0	43.0	0.0	51.0	0.0	63.0	0.0
FAM_164_II	SON_2	0	MOTHER	1	-9	19.0	0.0	29.0	0.0	39.0	0.0	43.0	0.0	51.0	0.0	63.0	0.0
FAM_164_II	FATHER_1	0	0	1	-9	11.0	0.0	21.0	0.0	37.0	0.0	46.0	0.0	57.0	0.0	67.0	0.0
FAM_164_II	DAUGHTER_1	FATHER_1	MOTHER	2	-9	11.0	19.0	21.0	29.0	37.0	39.0	43.0	46.0	51.0	57.0	65.0	67.0
FAM_165_II	MOTHER	0	0	2	-9	17.0	17.0	24.0	26.0	32.0	37.0	45.0	47.0	51.0	54.0	63.0	68.0
FAM_165_II	FATHER_1	0	0	1	-9	15.0	0.0	28.0	0.0	38.0	0.0	42.0	0.0	55.0	0.0	64.0	0.0
FAM_165_II	DAUGHTER_1	FATHER_1	MOTHER	2	-9	15.0	17.0	26.0	28.0	32.0	38.0	42.0	45.0	54.0	55.0	64.0	68.0
FAM_165_II	FATHER_2	0	0	1	-9	18.0	0.0	24.0	0.0	33.0	0.0	41.0	0.0	53.0	0.0	61.0	0.0
FAM_165_II	DAUGHTER_2	FATHER_2	MOTHER	2	-9	17.0	18.0	24.0	24.0	33.0	37.0	41.0	47.0	53.0	54.0	61.0	68.0
FAM_166_II	MOTHER	0	0	2	-9	13.0	19.0	21.0	21.0	32.0	33.0	47.0	48.0	56.0	58.0	64.0	68.0
FAM_166_II	SON_1	0	MOTHER	1	-9	19.0	0.0	21.0	0.0	32.0	0.0	47.0	0.0	56.0	0.0	64.0	0.0
FAM_166_II	SON_2	0	MOTHER	1	-9	19.0	0.0	21.0	0.0	32.0	0.0	47.0	0.0	56.0	0.0	64.0	0.0
FAM_166_II	FATHER_1	0	0	1	-9	11.0	0.0	21.0	0.0	39.0	0.0	41.0	0.0	53.0	0.0	61.0	0.0
FAM_166_II	DAUGHTER_1	FATHER_1	MOTHER	2	-9	11.0	13.0	21.0	21.0	33.0	39.0	41.0	48.0	53.0	58.0	61.0	68.0
FAM_166_II	FATHER_2	0	0	1	-9	19.0	0.0	23.0	0.0	31.0	0.0	46.0	0.0	58.0	0.0	69.0	0.0
FAM_166_II	DAUGHTER_2	FATHER_2	MOTHER	2	-9	19.0	19.0	21.0	23.0	32.0	32.0	46.0	47.0	56.0	58.0	64.0	69.0
FAM_167_II	MOTHER	0	0	2	-9	15.0	15.0	24.0	24.0	32.0	39.0	48.0	48.0	55.0	59.0	64.0	65.0
FAM_167_II	SON_1	0	MOTHER	1	-9	15.0	0.0	24.0	0.0	32.0	0.0	48.0	0.0	59.0	0.0	64.0	0.0
FAM_167_II	SON_2	0	MOTHER	1	-9	15.0	0.0	24.0	0.0	32.0	0.0	48.0	0.0	55.0	0.0	65.0	0.0
FAM_167_II	FATHER_1	0	0	1	-9	15.0	0.0	23.0	0.0	36.0	0.0	44.0	0.0	55.0	0.0	64.0	0.0
FAM_167_II	DAUGHTER_1	FATHER_1	MOTHER	2	-9	15.0	15.0	23.0	24.0	32.0	36.0	44.0	48.0	55.0	55.0	64.0	65.0
FAM_168_II	MOTHER	0	0	2	-9	14.0	18.0	25.0	27.0	36.0	39.0	46.0	49.0	54.0	58.0	67.0	68.0
FAM_168_II	SON_1	0	MOTHER	1	-9	18.0	0.0	25.0	0.0	36.0	0.0	46.0	0.0	54.0	0.0	68.0	0.0
FAM_168_II	SON_2	0	MOTHER	1	-9	14.0	0.0	27.0	0.0	39.0	0.0	49.0	0.0	58.0	0.0	67.0	0.0
FAM_168_II	SON_3	0	MOTHER	1	-9	14.0	0.0	27.0	0.0	36.0	0.0	46.0	0.0	54.0	0.0	68.0	0.0
FAM_168_II	SON_4	0	MOTHER	1	-9	14.0	0.0	27.0	0.0	39.0	0.0	49.0	0.0	58.0	0.0	67.0	0.0
FAM_168_II	FATHER_1	0	0	1	-9	11.0	0.0	28.0	0.0	39.0	0.0	47.0	0.0	56.0	0.0	64.0	0.0
FAM_168_II	DAUGHTER_1	FATHER_1	MOTHER	2	-9	11.0	14.0	27.0	28.0	39.0	39.0	47.0	49.0	54.0	56.0	64.0	68.0
FAM_169_II	MOTHER	0	0	2	-9	14.0	15.0	23.0	27.0	35.0	36.0	44.0	48.0	54.0	59.0	66.0	67.0
FAM_169_II	SON_1	0	MOTHER	1	-9	15.0	0.0	27.0	0.0	36.0	0.0	48.0	0.0	53.0	0.0	66.0	0.0
FAM_169_II	SON_2	0	MOTHER	1	-9	15.0	0.0	27.0	0.0	35.0	0.0	44.0	0.0	59.0	0.0	67.0	0.0
FAM_170_II	MOTHER	0	0	2	-9	11.0	19.0	24.0	26.0	33.0	35.0	43.0	46.0	51.0	56.0	63.0	65.0
FAM_170_II	SON_1	0	MOTHER	1	-9	11.0	0.0	26.0	0.0	33.0	0.0	46.0	0.0	56.0	0.0	65.0	0.0
FAM_170_II	FATHER_1	0	0	1	-9	14.0	0.0	25.0	0.0	37.0	0.0	47.0	0.0	57.0	0.0	64.0	0.0
FAM_170_II	DAUGHTER_1	FATHER_1	MOTHER	2	-9	14.0	19.0	24.0	25.0	33.0	37.0	46.0	47.0	56.0	57.0	64.0	65.0
FAM_171_II	MOTHER	0	0	2	-9	11.0	16.0	22.0	23.0	36.0	37.0	44.0	49.0	51.0	55.0	61.0	62.0
FAM_171_II	SON_1	0	MOTHER	1	-9	11.0	0.0	23.0	0.0	37.0	0.0	44.0	0.0	55.0	0.0	61.0	0.0
FAM_171_II	FATHER_1	0	0	1	-9	17.0	0.0	25.0	0.0	35.0	0.0	44.0	0.0	56.0	0.0	61.0	0.0
FAM_171_II	DAUGHTER_1	FATHER_1	MOTHER	2	-9	16.0	17.0	22.0	25.0	35.0	37.0	44.0	44.0	51.0	56.0	61.0	62.0
FAM_172_II	MOTHER	0	0	2	-9	15.0	18.0	22.0	28.0	34.0	35.0	43.0	46.0	52.0	53.0	64.0	66.0
FAM_172_II	SON_1	0	MOTHER	1	-9	15.0	0.0	28.0	0.0	34.0	0.0	46.0	0.0	52.0	0.0	64.0	0.0
FAM_172_II	FATHER_1	0	0	1	-9	15.0	0.0	26.0	0.0	36.0	0.0	41.0	0.0	53.0	0.0	67.0	0.0
FAM_172_II	DAUGHTER_1	FATHER_1	MOTHER	2	-9	15.0	15.0	26.0	28.0	34.0	36.0	41.0	46.0	52.0	53.0	64.0	67.0
FAM_173_II	MOTHER	0	0	2	-9	11.0	18.0	22.0	29.0	31.0	34.0	47.0	49.0	53.0	59.0	61.0	62.0
FAM_173_II	SON_1	0	MOTHER	1	-9	18.0	0.0	22.0	0.0	31.0	0.0	47.0	0.0	59.0	0.0	61.0	0.0
FAM_173_II	SON_2	0	MOTHER	1	-9	18.0	0.0	22.0	0.0	34.0	0.0	49.0	0.0	53.0	0.0	62.0	0.0
FAM_173_II	SON_3	0	MOTHER	1	-9	18.0	0.0	22.0	0.0	31.0	0.0	47.0	0.0	59.0	0.0	61.0	0.0
FAM_173_II	FATHER_1	0	0	1	-9	17.0	0.0	24.0	0.0	39.0	0.0	49.0	0.0	55.0	0.0	66.0	0.0
FAM_173_II	DAUGHTER_1	FATHER_1	MOTHER	2	-9	11.0	17.0	24.0	29.0	34.0	39.0	49.0	49.0	53.0	55.0	62.0	66.0
FAM_173_II	FATHER_2	0	0	1	-9	19.0	0.0	24.0	0.0	33.0	0.0	45.0	0.0	55.0	0.0	68.0	0.0
FAM_173_II	DAUGHTER_2	FATHER_2	MOTHER	2	-9	18.0	19.0	24.0	29.0	33.0	34.0	45.0	49.0	53.0	55.0	62.0	68.0
FAM_174_II	MOTHER	0	0	2	-9	18.0	19.0	23.0	24.0	32.0	39.0	44.0	46.0	52.0	55.0	65.0	66.0
FAM_174_II	FATHER_1	0	0	1	-9	15.0	0.0	24.0	0.0	37.0	0.0	46.0	0.0	53.0	0.0	69.0	0.0
FAM_174_II	DAUGHTER_1	FATHER_1	MOTHER	2	-9	15.0	19.0	23.0	24.0	37.0	39.0	46.0	46.0	52.0	53.0	65.0	69.0
FAM_174_II	FATHER_2	0	0	1	-9	14.0	0.0	29.0	0.0	32.0	0.0	43.0	0.0	51.0	0.0	69.0	0.0
FAM_174_II	DAUGHTER_2	FATHER_2	MOTHER	2	-9	14.0	19.0	23.0	29.0	32.0	32.0	43.0	44.0	51.0	55.0	66.0	69.0
FAM_175_II	MOTHER	0	0	2	-9	11.0	18.0	25.0	27.0	31.0	37.0	45.0	46.0	54.0	55.0	62.0	65.0
FAM_175_II	SON_1	0	MOTHER	1	-9	18.0	0.0	25.0	0.0	31.0	0.0	45.0	0.0	54.0	0.0	62.0	0.0
FAM_175_II	SON_2	0	MOTHER	1	-9	18.0	0.0	25.0	0.0	31.0	0.0	45.0	0.0	54.0	0.0	62.0	0.0
FAM_175_II	SON_3	0	MOTHER	1	-9	11.0	0.0	27.0	0.0	31.0	0.0	45.0	0.0	55.0	0.0	65.0	0.0
FAM_175_II	FATHER_1	0	0	1	-9	19.0	0.0	22.0	0.0	36.0	0.0	44.0	0.0	52.0	0.0	69.0	0.0
FAM_175_II	DAUGHTER_1	FATHER_1	MOTHER	2	-9	18.0	19.0	22.0	27.0	36.0	37.0	44.0	46.0	52.0	55.0	65.0	69.0
FAM_176_II	MOTHER	0	0	2	-9	16.0	19.0	22.0	29.0	33.0	34.0	42.0	45.0	53.0	53.0	61.0	68.0
FAM_176_II	FATHER_1	0	0	1	-9	15.0	0.0	25.0	0.0	34.0	0.0	46.0	0.0	57.0	0.0	61.0	0.0
FAM_176_II	DAUGHTER_1	FATHER_1	MOTHER	2	-9	15.0	19.0	22.0	25.0	33.0	34.0	45.0	46.0	53.0	57.0	61.0	61.0
FAM_176_II	FATHER_2	0	0	1	-9	13.0	0.0	23.0	0.0	31.0	0.0	42.0	0.0	54.0	0.0	65.0	0.0
FAM_176_II	DAUGHTER_2	FATHER_2	MOTHER	2	-9	13.0	19.0	22.0	23.0	31.0	34.0	42.0	42.0	53.0	54.0	65.0	68.0
FAM_176_II	FATHER_3	0	0	1	-9	19.0	0.0	26.0	0.0	35.0	0.0	45.0	0.0	59.0	0.0	65.0	0.0
FAM_176_II	DAUGHTER_3	FATHER_3	MOTHER	2	-9	16.0	19.0	26.0	29.0	34.0	35.0	42.0	45.0	53.0	59.0	65.0	68.0
FAM_177_II	MOTHER	0	0	2	-9	14.0	17.0	21.0	22.0	31.0	32.0	41.0	44.0	52.0	53.0	64.0	65.0
FAM_177_II	SON_1	0	MOTHER	1	-9	17.0	0.0	21.0	0.0	32.0	0.0	44.0	0.0	53.0	0.0	65.0	0.0
FAM_177_II	FATHER_1	0	0	1	-9	15.0	0.0	28.0	0.0	39.0	0.0	47.0	0.0	55.0	0.0	65.0	0.0
FAM_177_II	DAUGHTER_1	FATHER_1	MOTHER	2	-9	15.0	17.0	21.0	28.0	32.0	39.0	44.0	47.0	53.0	55.0	65.0	65.0
FAM_177_II	FATHER_2	0	0	1	-9	15.0	0.0	26.0	0.0	38.0	0.0	41.0	0.0	57.0	0.0	61.0	0.0
FAM_177_II	DAUGHTER_2	FATHER_2	MOTHER	2	-9	15.0	17.0	21.0	26.0	32.0	38.0	41.0	44.0	53.0	57.0	61.0	65.0
FAM_178_II	MOTHER	0	0	2	-9	17.0	17.0	23.0	25.0	33.0	35.0	43.0	46.0	54.0	55.0	63.0	66.0
FAM_178_II	SON_1	0	MOTHER	1	-9	17.0	0.0	23.0	0.0	33.0	0.0	46.0	0.0	55.0	0.0	66.0	0.0
FAM_178_II	FATHER_1	0	0	1	-9	15.0	0.0	24.0	0.0	39.0	0.0	44.0	0.0	57.0	0.0	65.0	0.0
FAM_178_II	DAUGHTER_1	FATHER_1	MOTHER	2	-9	15.0	17.0	24.0	25.0	35.0	39.0	43.0	44.0	54.0	57.0	63.0	65.0
FAM_179_II	MOTHER	0	0	2	-9	11.0	16.0	21.0	21.0	34.0	36.0	45.0	46.0	52.0	55.0	64.0	65.0
FAM_179_II	SON_1	0	MOTHER	1	-9	16.0	0.0	21.0	0.0	36.0	0.0	45.0	0.0	52.0	0.0	64.0	0.0
FAM_179_II	FATHER_1	0	0	1	-9	18.0	0.0	21.0	0.0	34.0	0.0	45.0	0.0	55.0	0.0	68.0	0.0
FAM_179_II	DAUGHTER_1	FATHER_1	MOTHER	2	-9	16.0	18.0	21.0	21.0	34.0	36.0	45.0	45.0	55.0	55.0	65.0	68.0
FAM_180_II	MOTHER	0	0	2	-9	11.0	12.0	21.0	22.0	33.0	33.0	42.0	43.0	57.0	59.0	61.0	69.0
FAM_180_II	SON_1	0	MOTHER	1	-9	12.0	0.0	22.0	0.0	33.0	0.0	43.0	0.0	59.0	0.0	69.0	0.0
FAM_180_II	SON_2	0	MOTHER	1	-9	11.0	0.0	21.0	0.0	33.0	0.0	42.0	0.0	59.0	0.0	69.0	0.0
FAM_180_II	SON_3	0	MOTHER	1	-9	12.0	0.0	22.0	0.0	33.0	0.0	42.0	0.0	59.0	0.0	69.0	0.0
FAM_180_II	SON_4	0	MOTHER	1	-9	12.0	0.0	21.0	0.0	33.0	0.0	42.0	0.0	57.0	0.0	61.0	0.0
FAM_180_II	FATHER_1	0	0	1	-9	14.0	0.0	21.0	0.0	31.0	0.0	43.0	0.0	58.0	0.0	69.0	0.0
FAM_180_II	DAUGHTER_1	FATHER_1	MOTHER	2	-9	11.0	14.0	21.0	21.0	31.0	33.0	42.0	43.0	57.0	58.0	61.0	69.0
FAM_181_II	MOTHER	0	0	2	-9	12.0	14.0	21.0	21.0	31.0	34.0	41.0	49.0	53.0	57.0	63.0	67.0
FAM_181_II	SON_1	0	MOTHER	1	-9	12.0	0.0	21.0	0.0	31.0	0.0	41.0	0.0	57.0	0.0	67.0	0.0
FAM_181_II	SON_2	0	MOTHER	1	-9	12.0	0.0	21.0	0.0	34.0	0.0	49.0	0.0	53.0	0.0	63.0	0.0
FAM_181_II	SON_3	0	MOTHER	1	-9	14.0	0.0	21.0	0.0	34.0	0.0	49.0	0.0	57.0	0.0	67.0	0.0
FAM_182_II	MOTHER	0	0	2	-9	11.0	12.0	24.0	27.0	31.0	35.0	45.0	45.0	55.0	58.0	67.0	69.0
FAM_182_II	FATHER_1	0	0	1	-9	17.0	0.0	21.0	0.0	34.0	0.0	47.0	0.0	55.0	0.0	64.0	0.0
FAM_182_II	DAUGHTER_1	FATHER_1	MOTHER	2	-9	11.0	17.0	21.0	24.0	31.0	34.0	45.0	47.0	55.0	55.0	64.0	69.0
FAM_182_II	FATHER_2	0	0	1	-9	11.0	0.0	25.0	0.0	37.0	0.0	48.0	0.0	56.0	0.0	65.0	0.0
FAM_182_II	DAUGHTER_2	FATHER_2	MOTHER	2	-9	11.0	11.0	24.0	25.0	31.0	37.0	45.0	48.0	56.0	58.0	65.0	67.0
FAM_183_II	MOTHER	0	0	2	-9	14.0	16.0	24.0	25.0	32.0	33.0	41.0	49.0	51.0	52.0	63.0	66.0
FAM_183_II	SON_1	0	MOTHER	1	-9	14.0	0.0	25.0	0.0	33.0	0.0	41.0	0.0	51.0	0.0	66.0	0.0
FAM_183_II	SON_2	0	MOTHER	1	-9	14.0	0.0	25.0	0.0	32.0	0.0	49.0	0.0	51.0	0.0	66.0	0.0
FAM_183_II	SON_3	0	MOTHER	1	-9	16.0	0.0	24.0	0.0	32.0	0.0	49.0	0.0	51.0	0.0	66.0	0.0
FAM_184_II	MOTHER	0	0	2	-9	17.0	18.0	21.0	24.0	32.0	34.0	47.0	47.0	51.0	51.0	65.0	69.0
FAM_184_II	SON_1	0	MOTHER	1	-9	18.0	0.0	24.0	0.0	34.0	0.0	47.0	0.0	51.0	0.0	65.0	0.0
FAM_184_II	SON_2	0	MOTHER	1	-9	18.0	0.0	24.0	0.0	32.0	0.0	47.0	0.0	51.0	0.0	69.0	0.0
FAM_185_II	MOTHER	0	0	2	-9	12.0	13.0	23.0	29.0	34.0	37.0	41.0	49.0	54.0	59.0	61.0	65.0
FAM_185_II	SON_1	0	MOTHER	1	-9	12.0	0.0	29.0	0.0	37.0	0.0	49.0	0.0	54.0	0.0	61.0	0.0
FAM_185_II	SON_2	0	MOTHER	1	-9	12.0	0.0	29.0	0.0	34.0	0.0	41.0	0.0	59.0	0.0	65.0	0.0
FAM_186_II	MOTHER	0	0	2	-9	11.0	13.0	23.0	25.0	34.0	34.0	41.0	44.0	51.0	53.0	65.0	69.0
FAM_186_II	SON_1	0	MOTHER	1	-9	11.0	0.0	23.0	0.0	34.0	0.0	41.0	0.0	53.0	0.0	65.0	0.0
FAM_186_II	FATHER_1	0	0	1	-9	18.0	0.0	28.0	0.0	31.0	0.0	45.0	0.0	59.0	0.0	66.0	0.0
FAM_186_II	DAUGHTER_1	FATHER_1	MOTHER	2	-9	11.0	18.0	23.0	28.0	31.0	34.0	44.0	45.0	53.0	59.0	65.0	66.0
FAM_187_II	MOTHER	0	0	2	-9	13.0	14.0	21.0	25.0	34.0	38.0	41.0	45.0	53.0	55.0	65.0	66.0
FAM_187_II	SON_1	0	MOTHER	1	-9	13.0	0.0	21.0	0.0	38.0	0.0	45.0	0.0	53.0	0.0	65.0	0.0
FAM_187_II	SON_2	0	MOTHER	1	-9	14.0	0.0	25.0	0.0	34.0	0.0	41.0	0.0	55.0	0.0	66.0	0.0
FAM_188_II	MOTHER	0	0	2	-9	11.0	14.0	21.0	28.0	31.0	34.0	45.0	49.0	55.0	56.0	62.0	66.0
FAM_188_II	SON_1	0	MOTHER	1	-9	11.0	0.0	28.0	0.0	31.0	0.0	49.0	0.0	56.0	0.0	66.0	0.0
FAM_188_II	SON_2	0	MOTHER	1	-9	14.0	0.0	21.0	0.0	34.0	0.0	45.0	0.0	55.0	0.0	62.0	0.0
FAM_188_II	SON_3	0	MOTHER	1	-9	14.0	0.0	21.0	0.0	31.0	0.0	49.0	0.0	56.0	0.0	66.0	0.0
FAM_188_II	FATHER_1	0	0	1	-9	16.0	0.0	28.0	0.0	33.0	0.0	44.0	0.0	55.0	0.0	66.0	0.0
FAM_188_II	DAUGHTER_1	FATHER_1	MOTHER	2	-9	11.0	16.0	28.0	28.0	31.0	33.0	44.0	49.0	55.0	55.0	62.0	66.0
FAM_189_II	MOTHER	0	0	2	-9	12.0	14.0	27.0	28.0	35.0	36.0	41.0	45.0	53.0	59.0	65.0	67.0
FAM_189_II	FATHER_1	0	0	1	-9	13.0	0.0	26.0	0.0	32.0	0.0	48.0	0.0	55.0	0.0	62.0	0.0
FAM_189_II	DAUGHTER_1	FATHER_1	MOTHER	2	-9	12.0	13.0	26.0	27.0	32.0	35.0	45.0	48.0	53.0	55.0	62.0	67.0
FAM_189_II	FATHER_2	0	0	1	-9	18.0	0.0	29.0	0.0	39.0	0.0	44.0	0.0	52.0	0.0	67.0	0.0
FAM_189_II	DAUGHTER_2	FATHER_2	MOTHER	2	-9	14.0	18.0	27.0	29.0	36.0	39.0	41.0	44.0	52.0	53.0	67.0	67.0
FAM_190_II	MOTHER	0	0	2	-9	17.0	17.0	21.0	25.0	32.0	37.0	43.0	44.0	54.0	54.0	66.0	69.0
FAM_190_II	SON_1	0	MOTHER	1	-9	17.0	0.0	25.0	0.0	32.0	0.0	43.0	0.0	54.0	0.0	69.0	0.0
FAM_190_II	FATHER_1	0	0	1	-9	17.0	0.0	26.0	0.0	36.0	0.0	43.0	0.0	56.0	0.0	62.0	0.0
FAM_190_II	DAUGHTER_1	FATHER_1	MOTHER	2	-9	17.0	17.0	25.0	26.0	36.0	37.0	43.0	44.0	54.0	56.0	62.0	66.0
FAM_190_II	FATHER_2	0	0	1	-9	11.0	0.0	23.0	0.0	34.0	0.0	47.0	0.0	51.0	0.0	66.0	0.0
FAM_190_II	DAUGHTER_2	FATHER_2	MOTHER	2	-9	11.0	17.0	23.0	25.0	32.0	34.0	43.0	47.0	51.0	54.0	66.0	69.0
FAM_191_II	MOTHER	0	0	2	-9	12.0	17.0	22.0	27.0	34.0	38.0	45.0	46.0	54.0	58.0	63.0	68.0
FAM_191_II	SON_1	0	MOTHER	1	-9	12.0	0.0	22.0	0.0	34.0	0.0	45.0	0.0	58.0	0.0	63.0	0.0
FAM_191_II	SON_2	0	MOTHER	1	-9	12.0	0.0	22.0	0.0	34.0	0.0	45.0	0.0	58.0	0.0	63.0	0.0
FAM_191_II	FATHER_1	0	0	1	-9	14.0	0.0	25.0	0.0	31.0	0.0	43.0	0.0	51.0	0.0	61.0	0.0
FAM_191_II	DAUGHTER_1	FATHER_1	MOTHER	2	-9	12.0	14.0	22.0	25.0	31.0	34.0	43.0	45.0	51.0	54.0	61.0	68.0
FAM_192_II	MOTHER	0	0	2	-9	18.0	19.0	26.0	26.0	34.0	37.0	43.0	46.0	51.0	54.0	65.0	66.0
FAM_192_II	FATHER_1	0	0	1	-9	14.0	0.0	29.0	0.0	37.0	0.0	41.0	0.0	51.0	0.0	67.0	0.0
FAM_192_II	DAUGHTER_1	FATHER_1	MOTHER	2	-9	14.0	19.0	26.0	29.0	34.0	37.0	41.0	46.0	51.0	54.0	65.0	67.0
FAM_192_II	FATHER_2	0	0	1	-9	15.0	0.0	24.0	0.0	31.0	0.0	44.0	0.0	54.0	0.0	67.0	0.0
FAM_192_II	DAUGHTER_2	FATHER_2	MOTHER	2	-9	15.0	19.0	24.0	26.0	31.0	34.0	44.0	46.0	54.0	54.0	65.0	67.0
FAM_193_II	MOTHER	0	0	2	-9	16.0	17.0	23.0	28.0	38.0	39.0	48.0	49.0	52.0	54.0	66.0	69.0
FAM_193_II	SON_1	0	MOTHER	1	-9	17.0	0.0	28.0	0.0	38.0	0.0	48.0	0.0	54.0	0.0	66.0	0.0
FAM_193_II	SON_2	0	MOTHER	1	-9	16.0	0.0	23.0	0.0	39.0	0.0	49.0	0.0	52.0	0.0	69.0	0.0
FAM_193_II	SON_3	0	MOTHER	1	-9	16.0	0.0	23.0	0.0	39.0	0.0	49.0	0.0	54.0	0.0	66.0	0.0
FAM_193_II	SON_4	0	MOTHER	1	-9	16.0	0.0	23.0	0.0	39.0	0.0	49.0	0.0	52.0	0.0	69.0	0.0
FAM_193_II	FATHER_1	0	0	1	-9	12.0	0.0	28.0	0.0	35.0	0.0	44.0	0.0	57.0	0.0	63.0	0.0
FAM_193_II	DAUGHTER_1	FATHER_1	MOTHER	2	-9	12.0	17.0	28.0	28.0	35.0	38.0	44.0	48.0	54.0	57.0	63.0	66.0
FAM_194_II	MOTHER	0	0	2	-9	15.0	16.0	21.0	29.0	31.0	37.0	45.0	47.0	53.0	57.0	63.0	69.0
FAM_194_II	SON_1	0	MOTHER	1	-9	15.0	0.0	29.0	0.0	31.0	0.0	45.0	0.0	53.0	0.0	63.0	0.0
FAM_194_II	FATHER_1	0	0	1	-9	17.0	0.0	21.0	0.0	32.0	0.0	45.0	0.0	52.0	0.0	64.0	0.0
FAM_194_II	DAUGHTER_1	FATHER_1	MOTHER	2	-9	15.0	17.0	21.0	21.0	32.0	37.0	45.0	47.0	52.0	57.0	64.0	69.0
FAM_195_II	MOTHER	0	0	2	-9	11.0	19.0	24.0	24.0	35.0	39.0	44.0	46.0	51.0	53.0	63.0	64.0
FAM_195_II	SON_1	0	MOTHER	1	-9	19.0	0.0	24.0	0.0	35.0	0.0	46.0	0.0	51.0	0.0	63.0	0.0
FAM_195_II	FATHER_1	0	0	1	-9	14.0	0.0	21.0	0.0	36.0	0.0	44.0	0.0	58.0	0.0	66.0	0.0
FAM_195_II	DAUGHTER_1	FATHER_1	MOTHER	2	-9	11.0	14.0	21.0	24.0	36.0	39.0	44.0	44.0	53.0	58.0	64.0	66.0
FAM_196_II	MOTHER	0	0	2	-9	15.0	18.0	23.0	26.0	32.0	33.0	43.0	43.0	52.0	59.0	61.0	67.0
FAM_196_II	SON_1	0	MOTHER	1	-9	15.0	0.0	23.0	0.0	32.0	0.0	43.0	0.0	52.0	0.0	61.0	0.0
FAM_196_II	FATHER_1	0	0	1	-9	15.0	0.0	23.0	0.0	33.0	0.0	46.0	0.0	51.0	0.0	69.0	0.0
FAM_196_II	DAUGHTER_1	FATHER_1	MOTHER	2	-9	15.0	15.0	23.0	23.0	32.0	33.0	43.0	46.0	51.0	52.0	61.0	69.0
FAM_197_II	MOTHER	0	0	2	-9	13.0	17.0	21.0	28.0	36.0	39.0	41.0	43.0	51.0	58.0	63.0	69.0
FAM_197_II	FATHER_1	0	0	1	-9	14.0	0.0	26.0	0.0	36.0	0.0	46.0	0.0	53.0	0.0	62.0	0.0
FAM_197_II	DAUGHTER_1	FATHER_1	MOTHER	2	-9	13.0	14.0	26.0	28.0	36.0	36.0	41.0	46.0	53.0	58.0	62.0	63.0
FAM_197_II	FATHER_2	0	0	1	-9	16.0	0.0	21.0	0.0	39.0	0.0	45.0	0.0	58.0	0.0	64.0	0.0
FAM_197_II	DAUGHTER_2	FATHER_2	MOTHER	2	-9	16.0	17.0	21.0	21.0	39.0	39.0	43.0	45.0	58.0	58.0	63.0	64.0
FAM_198_II	MOTHER	0	0	2	-9	11.0	14.0	26.0	28.0	32.0	38.0	43.0	43.0	54.0	56.0	64.0	64.0
FAM_198_II	SON_1	0	MOTHER	1	-9	11.0	0.0	26.0	0.0	32.0	0.0	43.0	0.0	56.0	0.0	64.0	0.0
FAM_198_II	FATHER_1	0	0	1	-9	19.0	0.0	23.0	0.0	35.0	0.0	46.0	0.0	54.0	0.0	63.0	0.0
FAM_198_II	DAUGHTER_1	FATHER_1	MOTHER	2	-9	11.0	19.0	23.0	26.0	35.0	38.0	43.0	46.0	54.0	54.0	63.0	64.0
FAM_198_II	FATHER_2	0	0	1	-9	18.0	0.0	24.0	0.0	39.0	0.0	41.0	0.0	56.0	0.0	67.0	0.0
FAM_198_II	DAUGHTER_2	FATHER_2	MOTHER	2	-9	11.0	18.0	24.0	26.0	32.0	39.0	41.0	43.0	54.0	56.0	64.0	67.0
FAM_198_II	FATHER_3	0	0	1	-9	16.0	0.0	22.0	0.0	31.0	0.0	43.0	0.0	58.0	0.0	69.0	0.0
FAM_198_II	DAUGHTER_3	FATHER_3	MOTHER	2	-9	14.0	16.0	22.0	28.0	31.0	32.0	43.0	43.0	56.0	58.0	64.0	69.0
FAM_199_II	MOTHER	0	0	2	-9	11.0	17.0	25.0	25.0	31.0	34.0	43.0	44.0	54.0	56.0	62.0	69.0
FAM_199_II	FATHER_1	0	0	1	-9	18.0	0.0	25.0	0.0	35.0	0.0	43.0	0.0	53.0	0.0	65.0	0.0
FAM_199_II	DAUGHTER_1	FATHER_1	MOTHER	2	-9	11.0	18.0	25.0	25.0	31.0	35.0	43.0	44.0	53.0	54.0	62.0	65.0
FAM_199_II	FATHER_2	0	0	1	-9	13.0	0.0	25.0	0.0	39.0	0.0	42.0	0.0	59.0	0.0	65.0	0.0
FAM_199_II	DAUGHTER_2	FATHER_2	MOTHER	2	-9	11.0	13.0	25.0	25.0	31.0	39.0	42.0	44.0	56.0	59.0	65.0	69.0
